instr,x0,x1,x2,x3,x4,x5,x6,x7,x8,x9,x10,x11,x12,x13,x14,x15,x16,x17,x18,x19,x20,x21,x22,x23,x24,x25,x26,x27,x28,x29,x30,x31,
06123b93,0,0,400,0,0,0,0,0,0,0,0,0,0,0,0,0,0,0,0,0,0,0,0,0,0,0,0,0,0,0,0,0,
00800967,0,0,400,0,0,0,0,0,0,0,0,0,0,0,0,0,0,0,8,0,0,0,0,1,0,0,0,0,0,0,0,0,
00653133,0,0,400,0,0,0,0,0,0,0,0,0,0,0,0,0,0,0,8,0,0,0,0,1,0,0,0,0,0,0,0,0,
db4c0d13,0,0,0,0,0,0,0,0,0,0,0,0,0,0,0,0,0,0,8,0,0,0,0,1,0,0,0,0,0,0,0,0,
5b8cec93,0,0,0,0,0,0,0,0,0,0,0,0,0,0,0,0,0,0,8,0,0,0,0,1,0,0,fffffdb4,0,0,0,0,0,
00d26f33,0,0,0,0,0,0,0,0,0,0,0,0,0,0,0,0,0,0,8,0,0,0,0,1,0,5b8,fffffdb4,0,0,0,0,0,
41ad83b3,0,0,0,0,0,0,0,0,0,0,0,0,0,0,0,0,0,0,8,0,0,0,0,1,0,5b8,fffffdb4,0,0,0,0,0,
83c93193,0,0,0,0,0,0,0,24c,0,0,0,0,0,0,0,0,0,0,8,0,0,0,0,1,0,5b8,fffffdb4,0,0,0,0,0,
01200fef,0,0,0,1,0,0,0,24c,0,0,0,0,0,0,0,0,0,0,8,0,0,0,0,1,0,5b8,fffffdb4,0,0,0,0,24,
54992417,0,0,0,1,0,0,0,24c,0,0,0,0,0,0,0,0,0,0,8,0,0,0,0,1,0,5b8,fffffdb4,0,0,0,0,24,
01c002ef,0,0,0,1,0,3a,0,24c,54992032,0,0,0,0,0,0,0,0,0,8,0,0,0,0,1,0,5b8,fffffdb4,0,0,0,0,24,
0179dc93,0,0,0,1,0,3a,0,24c,54992032,0,0,0,0,0,0,0,0,0,8,0,0,0,0,1,0,5b8,fffffdb4,0,0,0,0,24,
9b9de113,0,0,0,1,0,3a,0,24c,54992032,0,0,0,0,0,0,0,0,0,8,0,0,0,0,1,0,0,fffffdb4,0,0,0,0,24,
d032a513,0,0,fffff9b9,1,0,3a,0,24c,54992032,0,0,0,0,0,0,0,0,0,8,0,0,0,0,1,0,0,fffffdb4,0,0,0,0,24,
00000d37,0,0,fffff9b9,1,0,3a,0,24c,54992032,0,0,0,0,0,0,0,0,0,8,0,0,0,0,1,0,0,fffffdb4,0,0,0,0,24,
060d0d13,0,0,fffff9b9,1,0,3a,0,24c,54992032,0,0,0,0,0,0,0,0,0,8,0,0,0,0,1,0,0,0,0,0,0,0,24,
06002467,0,0,fffff9b9,1,0,3a,0,24c,6a,0,0,0,0,0,0,0,0,0,8,0,0,0,0,1,0,0,60,0,0,0,0,24,
060d0d13,0,0,fffff9b9,1,0,3a,0,24c,6a,0,0,0,0,0,0,0,0,0,8,0,0,0,0,1,0,0,60,0,0,0,0,24,
06002467,0,0,fffff9b9,1,0,3a,0,24c,68,0,0,0,0,0,0,0,0,0,8,0,0,0,0,1,0,0,c0,0,0,0,0,24,
060d0d13,0,0,fffff9b9,1,0,3a,0,24c,68,0,0,0,0,0,0,0,0,0,8,0,0,0,0,1,0,0,c0,0,0,0,0,24,
06002467,0,0,fffff9b9,1,0,3a,0,24c,68,0,0,0,0,0,0,0,0,0,8,0,0,0,0,1,0,0,120,0,0,0,0,24,
060d0d13,0,0,fffff9b9,1,0,3a,0,24c,68,0,0,0,0,0,0,0,0,0,8,0,0,0,0,1,0,0,120,0,0,0,0,24,
06002467,0,0,fffff9b9,1,0,3a,0,24c,68,0,0,0,0,0,0,0,0,0,8,0,0,0,0,1,0,0,180,0,0,0,0,24,
060d0d13,0,0,fffff9b9,1,0,3a,0,24c,68,0,0,0,0,0,0,0,0,0,8,0,0,0,0,1,0,0,180,0,0,0,0,24,
06002467,0,0,fffff9b9,1,0,3a,0,24c,68,0,0,0,0,0,0,0,0,0,8,0,0,0,0,1,0,0,1e0,0,0,0,0,24,
060d0d13,0,0,fffff9b9,1,0,3a,0,24c,68,0,0,0,0,0,0,0,0,0,8,0,0,0,0,1,0,0,1e0,0,0,0,0,24,
06002467,0,0,fffff9b9,1,0,3a,0,24c,68,0,0,0,0,0,0,0,0,0,8,0,0,0,0,1,0,0,240,0,0,0,0,24,
060d0d13,0,0,fffff9b9,1,0,3a,0,24c,68,0,0,0,0,0,0,0,0,0,8,0,0,0,0,1,0,0,240,0,0,0,0,24,
06002467,0,0,fffff9b9,1,0,3a,0,24c,68,0,0,0,0,0,0,0,0,0,8,0,0,0,0,1,0,0,2a0,0,0,0,0,24,
060d0d13,0,0,fffff9b9,1,0,3a,0,24c,68,0,0,0,0,0,0,0,0,0,8,0,0,0,0,1,0,0,2a0,0,0,0,0,24,
06002467,0,0,fffff9b9,1,0,3a,0,24c,68,0,0,0,0,0,0,0,0,0,8,0,0,0,0,1,0,0,300,0,0,0,0,24,
060d0d13,0,0,fffff9b9,1,0,3a,0,24c,68,0,0,0,0,0,0,0,0,0,8,0,0,0,0,1,0,0,300,0,0,0,0,24,
06002467,0,0,fffff9b9,1,0,3a,0,24c,68,0,0,0,0,0,0,0,0,0,8,0,0,0,0,1,0,0,360,0,0,0,0,24,
060d0d13,0,0,fffff9b9,1,0,3a,0,24c,68,0,0,0,0,0,0,0,0,0,8,0,0,0,0,1,0,0,360,0,0,0,0,24,
06002467,0,0,fffff9b9,1,0,3a,0,24c,68,0,0,0,0,0,0,0,0,0,8,0,0,0,0,1,0,0,3c0,0,0,0,0,24,
060d0d13,0,0,fffff9b9,1,0,3a,0,24c,68,0,0,0,0,0,0,0,0,0,8,0,0,0,0,1,0,0,3c0,0,0,0,0,24,
06002467,0,0,fffff9b9,1,0,3a,0,24c,68,0,0,0,0,0,0,0,0,0,8,0,0,0,0,1,0,0,420,0,0,0,0,24,
060d0d13,0,0,fffff9b9,1,0,3a,0,24c,68,0,0,0,0,0,0,0,0,0,8,0,0,0,0,1,0,0,420,0,0,0,0,24,
06002467,0,0,fffff9b9,1,0,3a,0,24c,68,0,0,0,0,0,0,0,0,0,8,0,0,0,0,1,0,0,480,0,0,0,0,24,
060d0d13,0,0,fffff9b9,1,0,3a,0,24c,68,0,0,0,0,0,0,0,0,0,8,0,0,0,0,1,0,0,480,0,0,0,0,24,
06002467,0,0,fffff9b9,1,0,3a,0,24c,68,0,0,0,0,0,0,0,0,0,8,0,0,0,0,1,0,0,4e0,0,0,0,0,24,
060d0d13,0,0,fffff9b9,1,0,3a,0,24c,68,0,0,0,0,0,0,0,0,0,8,0,0,0,0,1,0,0,4e0,0,0,0,0,24,
06002467,0,0,fffff9b9,1,0,3a,0,24c,68,0,0,0,0,0,0,0,0,0,8,0,0,0,0,1,0,0,540,0,0,0,0,24,
060d0d13,0,0,fffff9b9,1,0,3a,0,24c,68,0,0,0,0,0,0,0,0,0,8,0,0,0,0,1,0,0,540,0,0,0,0,24,
06002467,0,0,fffff9b9,1,0,3a,0,24c,68,0,0,0,0,0,0,0,0,0,8,0,0,0,0,1,0,0,5a0,0,0,0,0,24,
060d0d13,0,0,fffff9b9,1,0,3a,0,24c,68,0,0,0,0,0,0,0,0,0,8,0,0,0,0,1,0,0,5a0,0,0,0,0,24,
06002467,0,0,fffff9b9,1,0,3a,0,24c,68,0,0,0,0,0,0,0,0,0,8,0,0,0,0,1,0,0,600,0,0,0,0,24,
060d0d13,0,0,fffff9b9,1,0,3a,0,24c,68,0,0,0,0,0,0,0,0,0,8,0,0,0,0,1,0,0,600,0,0,0,0,24,
06002467,0,0,fffff9b9,1,0,3a,0,24c,68,0,0,0,0,0,0,0,0,0,8,0,0,0,0,1,0,0,660,0,0,0,0,24,
060d0d13,0,0,fffff9b9,1,0,3a,0,24c,68,0,0,0,0,0,0,0,0,0,8,0,0,0,0,1,0,0,660,0,0,0,0,24,
06002467,0,0,fffff9b9,1,0,3a,0,24c,68,0,0,0,0,0,0,0,0,0,8,0,0,0,0,1,0,0,6c0,0,0,0,0,24,
060d0d13,0,0,fffff9b9,1,0,3a,0,24c,68,0,0,0,0,0,0,0,0,0,8,0,0,0,0,1,0,0,6c0,0,0,0,0,24,
06002467,0,0,fffff9b9,1,0,3a,0,24c,68,0,0,0,0,0,0,0,0,0,8,0,0,0,0,1,0,0,720,0,0,0,0,24,
060d0d13,0,0,fffff9b9,1,0,3a,0,24c,68,0,0,0,0,0,0,0,0,0,8,0,0,0,0,1,0,0,720,0,0,0,0,24,
06002467,0,0,fffff9b9,1,0,3a,0,24c,68,0,0,0,0,0,0,0,0,0,8,0,0,0,0,1,0,0,780,0,0,0,0,24,
060d0d13,0,0,fffff9b9,1,0,3a,0,24c,68,0,0,0,0,0,0,0,0,0,8,0,0,0,0,1,0,0,780,0,0,0,0,24,
06002467,0,0,fffff9b9,1,0,3a,0,24c,68,0,0,0,0,0,0,0,0,0,8,0,0,0,0,1,0,0,7e0,0,0,0,0,24,
060d0d13,0,0,fffff9b9,1,0,3a,0,24c,68,0,0,0,0,0,0,0,0,0,8,0,0,0,0,1,0,0,7e0,0,0,0,0,24,
06002467,0,0,fffff9b9,1,0,3a,0,24c,68,0,0,0,0,0,0,0,0,0,8,0,0,0,0,1,0,0,840,0,0,0,0,24,
060d0d13,0,0,fffff9b9,1,0,3a,0,24c,68,0,0,0,0,0,0,0,0,0,8,0,0,0,0,1,0,0,840,0,0,0,0,24,
06002467,0,0,fffff9b9,1,0,3a,0,24c,68,0,0,0,0,0,0,0,0,0,8,0,0,0,0,1,0,0,8a0,0,0,0,0,24,
060d0d13,0,0,fffff9b9,1,0,3a,0,24c,68,0,0,0,0,0,0,0,0,0,8,0,0,0,0,1,0,0,8a0,0,0,0,0,24,
06002467,0,0,fffff9b9,1,0,3a,0,24c,68,0,0,0,0,0,0,0,0,0,8,0,0,0,0,1,0,0,900,0,0,0,0,24,
060d0d13,0,0,fffff9b9,1,0,3a,0,24c,68,0,0,0,0,0,0,0,0,0,8,0,0,0,0,1,0,0,900,0,0,0,0,24,
06002467,0,0,fffff9b9,1,0,3a,0,24c,68,0,0,0,0,0,0,0,0,0,8,0,0,0,0,1,0,0,960,0,0,0,0,24,
060d0d13,0,0,fffff9b9,1,0,3a,0,24c,68,0,0,0,0,0,0,0,0,0,8,0,0,0,0,1,0,0,960,0,0,0,0,24,
06002467,0,0,fffff9b9,1,0,3a,0,24c,68,0,0,0,0,0,0,0,0,0,8,0,0,0,0,1,0,0,9c0,0,0,0,0,24,
060d0d13,0,0,fffff9b9,1,0,3a,0,24c,68,0,0,0,0,0,0,0,0,0,8,0,0,0,0,1,0,0,9c0,0,0,0,0,24,
06002467,0,0,fffff9b9,1,0,3a,0,24c,68,0,0,0,0,0,0,0,0,0,8,0,0,0,0,1,0,0,a20,0,0,0,0,24,
060d0d13,0,0,fffff9b9,1,0,3a,0,24c,68,0,0,0,0,0,0,0,0,0,8,0,0,0,0,1,0,0,a20,0,0,0,0,24,
06002467,0,0,fffff9b9,1,0,3a,0,24c,68,0,0,0,0,0,0,0,0,0,8,0,0,0,0,1,0,0,a80,0,0,0,0,24,
060d0d13,0,0,fffff9b9,1,0,3a,0,24c,68,0,0,0,0,0,0,0,0,0,8,0,0,0,0,1,0,0,a80,0,0,0,0,24,
06002467,0,0,fffff9b9,1,0,3a,0,24c,68,0,0,0,0,0,0,0,0,0,8,0,0,0,0,1,0,0,ae0,0,0,0,0,24,
060d0d13,0,0,fffff9b9,1,0,3a,0,24c,68,0,0,0,0,0,0,0,0,0,8,0,0,0,0,1,0,0,ae0,0,0,0,0,24,
06002467,0,0,fffff9b9,1,0,3a,0,24c,68,0,0,0,0,0,0,0,0,0,8,0,0,0,0,1,0,0,b40,0,0,0,0,24,
060d0d13,0,0,fffff9b9,1,0,3a,0,24c,68,0,0,0,0,0,0,0,0,0,8,0,0,0,0,1,0,0,b40,0,0,0,0,24,
06002467,0,0,fffff9b9,1,0,3a,0,24c,68,0,0,0,0,0,0,0,0,0,8,0,0,0,0,1,0,0,ba0,0,0,0,0,24,
060d0d13,0,0,fffff9b9,1,0,3a,0,24c,68,0,0,0,0,0,0,0,0,0,8,0,0,0,0,1,0,0,ba0,0,0,0,0,24,
06002467,0,0,fffff9b9,1,0,3a,0,24c,68,0,0,0,0,0,0,0,0,0,8,0,0,0,0,1,0,0,c00,0,0,0,0,24,
060d0d13,0,0,fffff9b9,1,0,3a,0,24c,68,0,0,0,0,0,0,0,0,0,8,0,0,0,0,1,0,0,c00,0,0,0,0,24,
06002467,0,0,fffff9b9,1,0,3a,0,24c,68,0,0,0,0,0,0,0,0,0,8,0,0,0,0,1,0,0,c60,0,0,0,0,24,
060d0d13,0,0,fffff9b9,1,0,3a,0,24c,68,0,0,0,0,0,0,0,0,0,8,0,0,0,0,1,0,0,c60,0,0,0,0,24,
06002467,0,0,fffff9b9,1,0,3a,0,24c,68,0,0,0,0,0,0,0,0,0,8,0,0,0,0,1,0,0,cc0,0,0,0,0,24,
060d0d13,0,0,fffff9b9,1,0,3a,0,24c,68,0,0,0,0,0,0,0,0,0,8,0,0,0,0,1,0,0,cc0,0,0,0,0,24,
06002467,0,0,fffff9b9,1,0,3a,0,24c,68,0,0,0,0,0,0,0,0,0,8,0,0,0,0,1,0,0,d20,0,0,0,0,24,
060d0d13,0,0,fffff9b9,1,0,3a,0,24c,68,0,0,0,0,0,0,0,0,0,8,0,0,0,0,1,0,0,d20,0,0,0,0,24,
06002467,0,0,fffff9b9,1,0,3a,0,24c,68,0,0,0,0,0,0,0,0,0,8,0,0,0,0,1,0,0,d80,0,0,0,0,24,
060d0d13,0,0,fffff9b9,1,0,3a,0,24c,68,0,0,0,0,0,0,0,0,0,8,0,0,0,0,1,0,0,d80,0,0,0,0,24,
06002467,0,0,fffff9b9,1,0,3a,0,24c,68,0,0,0,0,0,0,0,0,0,8,0,0,0,0,1,0,0,de0,0,0,0,0,24,
060d0d13,0,0,fffff9b9,1,0,3a,0,24c,68,0,0,0,0,0,0,0,0,0,8,0,0,0,0,1,0,0,de0,0,0,0,0,24,
06002467,0,0,fffff9b9,1,0,3a,0,24c,68,0,0,0,0,0,0,0,0,0,8,0,0,0,0,1,0,0,e40,0,0,0,0,24,
060d0d13,0,0,fffff9b9,1,0,3a,0,24c,68,0,0,0,0,0,0,0,0,0,8,0,0,0,0,1,0,0,e40,0,0,0,0,24,
06002467,0,0,fffff9b9,1,0,3a,0,24c,68,0,0,0,0,0,0,0,0,0,8,0,0,0,0,1,0,0,ea0,0,0,0,0,24,
060d0d13,0,0,fffff9b9,1,0,3a,0,24c,68,0,0,0,0,0,0,0,0,0,8,0,0,0,0,1,0,0,ea0,0,0,0,0,24,
06002467,0,0,fffff9b9,1,0,3a,0,24c,68,0,0,0,0,0,0,0,0,0,8,0,0,0,0,1,0,0,f00,0,0,0,0,24,
060d0d13,0,0,fffff9b9,1,0,3a,0,24c,68,0,0,0,0,0,0,0,0,0,8,0,0,0,0,1,0,0,f00,0,0,0,0,24,
06002467,0,0,fffff9b9,1,0,3a,0,24c,68,0,0,0,0,0,0,0,0,0,8,0,0,0,0,1,0,0,f60,0,0,0,0,24,
060d0d13,0,0,fffff9b9,1,0,3a,0,24c,68,0,0,0,0,0,0,0,0,0,8,0,0,0,0,1,0,0,f60,0,0,0,0,24,
06002467,0,0,fffff9b9,1,0,3a,0,24c,68,0,0,0,0,0,0,0,0,0,8,0,0,0,0,1,0,0,fc0,0,0,0,0,24,
060d0d13,0,0,fffff9b9,1,0,3a,0,24c,68,0,0,0,0,0,0,0,0,0,8,0,0,0,0,1,0,0,fc0,0,0,0,0,24,
06002467,0,0,fffff9b9,1,0,3a,0,24c,68,0,0,0,0,0,0,0,0,0,8,0,0,0,0,1,0,0,1020,0,0,0,0,24,
060d0d13,0,0,fffff9b9,1,0,3a,0,24c,68,0,0,0,0,0,0,0,0,0,8,0,0,0,0,1,0,0,1020,0,0,0,0,24,
06002467,0,0,fffff9b9,1,0,3a,0,24c,68,0,0,0,0,0,0,0,0,0,8,0,0,0,0,1,0,0,1080,0,0,0,0,24,
060d0d13,0,0,fffff9b9,1,0,3a,0,24c,68,0,0,0,0,0,0,0,0,0,8,0,0,0,0,1,0,0,1080,0,0,0,0,24,
06002467,0,0,fffff9b9,1,0,3a,0,24c,68,0,0,0,0,0,0,0,0,0,8,0,0,0,0,1,0,0,10e0,0,0,0,0,24,
060d0d13,0,0,fffff9b9,1,0,3a,0,24c,68,0,0,0,0,0,0,0,0,0,8,0,0,0,0,1,0,0,10e0,0,0,0,0,24,
06002467,0,0,fffff9b9,1,0,3a,0,24c,68,0,0,0,0,0,0,0,0,0,8,0,0,0,0,1,0,0,1140,0,0,0,0,24,
060d0d13,0,0,fffff9b9,1,0,3a,0,24c,68,0,0,0,0,0,0,0,0,0,8,0,0,0,0,1,0,0,1140,0,0,0,0,24,
06002467,0,0,fffff9b9,1,0,3a,0,24c,68,0,0,0,0,0,0,0,0,0,8,0,0,0,0,1,0,0,11a0,0,0,0,0,24,
060d0d13,0,0,fffff9b9,1,0,3a,0,24c,68,0,0,0,0,0,0,0,0,0,8,0,0,0,0,1,0,0,11a0,0,0,0,0,24,
06002467,0,0,fffff9b9,1,0,3a,0,24c,68,0,0,0,0,0,0,0,0,0,8,0,0,0,0,1,0,0,1200,0,0,0,0,24,
060d0d13,0,0,fffff9b9,1,0,3a,0,24c,68,0,0,0,0,0,0,0,0,0,8,0,0,0,0,1,0,0,1200,0,0,0,0,24,
06002467,0,0,fffff9b9,1,0,3a,0,24c,68,0,0,0,0,0,0,0,0,0,8,0,0,0,0,1,0,0,1260,0,0,0,0,24,
060d0d13,0,0,fffff9b9,1,0,3a,0,24c,68,0,0,0,0,0,0,0,0,0,8,0,0,0,0,1,0,0,1260,0,0,0,0,24,
06002467,0,0,fffff9b9,1,0,3a,0,24c,68,0,0,0,0,0,0,0,0,0,8,0,0,0,0,1,0,0,12c0,0,0,0,0,24,
060d0d13,0,0,fffff9b9,1,0,3a,0,24c,68,0,0,0,0,0,0,0,0,0,8,0,0,0,0,1,0,0,12c0,0,0,0,0,24,
06002467,0,0,fffff9b9,1,0,3a,0,24c,68,0,0,0,0,0,0,0,0,0,8,0,0,0,0,1,0,0,1320,0,0,0,0,24,
060d0d13,0,0,fffff9b9,1,0,3a,0,24c,68,0,0,0,0,0,0,0,0,0,8,0,0,0,0,1,0,0,1320,0,0,0,0,24,
06002467,0,0,fffff9b9,1,0,3a,0,24c,68,0,0,0,0,0,0,0,0,0,8,0,0,0,0,1,0,0,1380,0,0,0,0,24,
060d0d13,0,0,fffff9b9,1,0,3a,0,24c,68,0,0,0,0,0,0,0,0,0,8,0,0,0,0,1,0,0,1380,0,0,0,0,24,
06002467,0,0,fffff9b9,1,0,3a,0,24c,68,0,0,0,0,0,0,0,0,0,8,0,0,0,0,1,0,0,13e0,0,0,0,0,24,
060d0d13,0,0,fffff9b9,1,0,3a,0,24c,68,0,0,0,0,0,0,0,0,0,8,0,0,0,0,1,0,0,13e0,0,0,0,0,24,
06002467,0,0,fffff9b9,1,0,3a,0,24c,68,0,0,0,0,0,0,0,0,0,8,0,0,0,0,1,0,0,1440,0,0,0,0,24,
060d0d13,0,0,fffff9b9,1,0,3a,0,24c,68,0,0,0,0,0,0,0,0,0,8,0,0,0,0,1,0,0,1440,0,0,0,0,24,
06002467,0,0,fffff9b9,1,0,3a,0,24c,68,0,0,0,0,0,0,0,0,0,8,0,0,0,0,1,0,0,14a0,0,0,0,0,24,
060d0d13,0,0,fffff9b9,1,0,3a,0,24c,68,0,0,0,0,0,0,0,0,0,8,0,0,0,0,1,0,0,14a0,0,0,0,0,24,
06002467,0,0,fffff9b9,1,0,3a,0,24c,68,0,0,0,0,0,0,0,0,0,8,0,0,0,0,1,0,0,1500,0,0,0,0,24,
060d0d13,0,0,fffff9b9,1,0,3a,0,24c,68,0,0,0,0,0,0,0,0,0,8,0,0,0,0,1,0,0,1500,0,0,0,0,24,
06002467,0,0,fffff9b9,1,0,3a,0,24c,68,0,0,0,0,0,0,0,0,0,8,0,0,0,0,1,0,0,1560,0,0,0,0,24,
060d0d13,0,0,fffff9b9,1,0,3a,0,24c,68,0,0,0,0,0,0,0,0,0,8,0,0,0,0,1,0,0,1560,0,0,0,0,24,
06002467,0,0,fffff9b9,1,0,3a,0,24c,68,0,0,0,0,0,0,0,0,0,8,0,0,0,0,1,0,0,15c0,0,0,0,0,24,
060d0d13,0,0,fffff9b9,1,0,3a,0,24c,68,0,0,0,0,0,0,0,0,0,8,0,0,0,0,1,0,0,15c0,0,0,0,0,24,
06002467,0,0,fffff9b9,1,0,3a,0,24c,68,0,0,0,0,0,0,0,0,0,8,0,0,0,0,1,0,0,1620,0,0,0,0,24,
060d0d13,0,0,fffff9b9,1,0,3a,0,24c,68,0,0,0,0,0,0,0,0,0,8,0,0,0,0,1,0,0,1620,0,0,0,0,24,
06002467,0,0,fffff9b9,1,0,3a,0,24c,68,0,0,0,0,0,0,0,0,0,8,0,0,0,0,1,0,0,1680,0,0,0,0,24,
060d0d13,0,0,fffff9b9,1,0,3a,0,24c,68,0,0,0,0,0,0,0,0,0,8,0,0,0,0,1,0,0,1680,0,0,0,0,24,
06002467,0,0,fffff9b9,1,0,3a,0,24c,68,0,0,0,0,0,0,0,0,0,8,0,0,0,0,1,0,0,16e0,0,0,0,0,24,
060d0d13,0,0,fffff9b9,1,0,3a,0,24c,68,0,0,0,0,0,0,0,0,0,8,0,0,0,0,1,0,0,16e0,0,0,0,0,24,
06002467,0,0,fffff9b9,1,0,3a,0,24c,68,0,0,0,0,0,0,0,0,0,8,0,0,0,0,1,0,0,1740,0,0,0,0,24,
060d0d13,0,0,fffff9b9,1,0,3a,0,24c,68,0,0,0,0,0,0,0,0,0,8,0,0,0,0,1,0,0,1740,0,0,0,0,24,
06002467,0,0,fffff9b9,1,0,3a,0,24c,68,0,0,0,0,0,0,0,0,0,8,0,0,0,0,1,0,0,17a0,0,0,0,0,24,
060d0d13,0,0,fffff9b9,1,0,3a,0,24c,68,0,0,0,0,0,0,0,0,0,8,0,0,0,0,1,0,0,17a0,0,0,0,0,24,
06002467,0,0,fffff9b9,1,0,3a,0,24c,68,0,0,0,0,0,0,0,0,0,8,0,0,0,0,1,0,0,1800,0,0,0,0,24,
060d0d13,0,0,fffff9b9,1,0,3a,0,24c,68,0,0,0,0,0,0,0,0,0,8,0,0,0,0,1,0,0,1800,0,0,0,0,24,
06002467,0,0,fffff9b9,1,0,3a,0,24c,68,0,0,0,0,0,0,0,0,0,8,0,0,0,0,1,0,0,1860,0,0,0,0,24,
060d0d13,0,0,fffff9b9,1,0,3a,0,24c,68,0,0,0,0,0,0,0,0,0,8,0,0,0,0,1,0,0,1860,0,0,0,0,24,
06002467,0,0,fffff9b9,1,0,3a,0,24c,68,0,0,0,0,0,0,0,0,0,8,0,0,0,0,1,0,0,18c0,0,0,0,0,24,
060d0d13,0,0,fffff9b9,1,0,3a,0,24c,68,0,0,0,0,0,0,0,0,0,8,0,0,0,0,1,0,0,18c0,0,0,0,0,24,
06002467,0,0,fffff9b9,1,0,3a,0,24c,68,0,0,0,0,0,0,0,0,0,8,0,0,0,0,1,0,0,1920,0,0,0,0,24,
060d0d13,0,0,fffff9b9,1,0,3a,0,24c,68,0,0,0,0,0,0,0,0,0,8,0,0,0,0,1,0,0,1920,0,0,0,0,24,
06002467,0,0,fffff9b9,1,0,3a,0,24c,68,0,0,0,0,0,0,0,0,0,8,0,0,0,0,1,0,0,1980,0,0,0,0,24,
060d0d13,0,0,fffff9b9,1,0,3a,0,24c,68,0,0,0,0,0,0,0,0,0,8,0,0,0,0,1,0,0,1980,0,0,0,0,24,
06002467,0,0,fffff9b9,1,0,3a,0,24c,68,0,0,0,0,0,0,0,0,0,8,0,0,0,0,1,0,0,19e0,0,0,0,0,24,
060d0d13,0,0,fffff9b9,1,0,3a,0,24c,68,0,0,0,0,0,0,0,0,0,8,0,0,0,0,1,0,0,19e0,0,0,0,0,24,
06002467,0,0,fffff9b9,1,0,3a,0,24c,68,0,0,0,0,0,0,0,0,0,8,0,0,0,0,1,0,0,1a40,0,0,0,0,24,
060d0d13,0,0,fffff9b9,1,0,3a,0,24c,68,0,0,0,0,0,0,0,0,0,8,0,0,0,0,1,0,0,1a40,0,0,0,0,24,
06002467,0,0,fffff9b9,1,0,3a,0,24c,68,0,0,0,0,0,0,0,0,0,8,0,0,0,0,1,0,0,1aa0,0,0,0,0,24,
060d0d13,0,0,fffff9b9,1,0,3a,0,24c,68,0,0,0,0,0,0,0,0,0,8,0,0,0,0,1,0,0,1aa0,0,0,0,0,24,
06002467,0,0,fffff9b9,1,0,3a,0,24c,68,0,0,0,0,0,0,0,0,0,8,0,0,0,0,1,0,0,1b00,0,0,0,0,24,
060d0d13,0,0,fffff9b9,1,0,3a,0,24c,68,0,0,0,0,0,0,0,0,0,8,0,0,0,0,1,0,0,1b00,0,0,0,0,24,
06002467,0,0,fffff9b9,1,0,3a,0,24c,68,0,0,0,0,0,0,0,0,0,8,0,0,0,0,1,0,0,1b60,0,0,0,0,24,
060d0d13,0,0,fffff9b9,1,0,3a,0,24c,68,0,0,0,0,0,0,0,0,0,8,0,0,0,0,1,0,0,1b60,0,0,0,0,24,
06002467,0,0,fffff9b9,1,0,3a,0,24c,68,0,0,0,0,0,0,0,0,0,8,0,0,0,0,1,0,0,1bc0,0,0,0,0,24,
060d0d13,0,0,fffff9b9,1,0,3a,0,24c,68,0,0,0,0,0,0,0,0,0,8,0,0,0,0,1,0,0,1bc0,0,0,0,0,24,
06002467,0,0,fffff9b9,1,0,3a,0,24c,68,0,0,0,0,0,0,0,0,0,8,0,0,0,0,1,0,0,1c20,0,0,0,0,24,
060d0d13,0,0,fffff9b9,1,0,3a,0,24c,68,0,0,0,0,0,0,0,0,0,8,0,0,0,0,1,0,0,1c20,0,0,0,0,24,
06002467,0,0,fffff9b9,1,0,3a,0,24c,68,0,0,0,0,0,0,0,0,0,8,0,0,0,0,1,0,0,1c80,0,0,0,0,24,
060d0d13,0,0,fffff9b9,1,0,3a,0,24c,68,0,0,0,0,0,0,0,0,0,8,0,0,0,0,1,0,0,1c80,0,0,0,0,24,
06002467,0,0,fffff9b9,1,0,3a,0,24c,68,0,0,0,0,0,0,0,0,0,8,0,0,0,0,1,0,0,1ce0,0,0,0,0,24,
060d0d13,0,0,fffff9b9,1,0,3a,0,24c,68,0,0,0,0,0,0,0,0,0,8,0,0,0,0,1,0,0,1ce0,0,0,0,0,24,
06002467,0,0,fffff9b9,1,0,3a,0,24c,68,0,0,0,0,0,0,0,0,0,8,0,0,0,0,1,0,0,1d40,0,0,0,0,24,
060d0d13,0,0,fffff9b9,1,0,3a,0,24c,68,0,0,0,0,0,0,0,0,0,8,0,0,0,0,1,0,0,1d40,0,0,0,0,24,
06002467,0,0,fffff9b9,1,0,3a,0,24c,68,0,0,0,0,0,0,0,0,0,8,0,0,0,0,1,0,0,1da0,0,0,0,0,24,
060d0d13,0,0,fffff9b9,1,0,3a,0,24c,68,0,0,0,0,0,0,0,0,0,8,0,0,0,0,1,0,0,1da0,0,0,0,0,24,
06002467,0,0,fffff9b9,1,0,3a,0,24c,68,0,0,0,0,0,0,0,0,0,8,0,0,0,0,1,0,0,1e00,0,0,0,0,24,
060d0d13,0,0,fffff9b9,1,0,3a,0,24c,68,0,0,0,0,0,0,0,0,0,8,0,0,0,0,1,0,0,1e00,0,0,0,0,24,
06002467,0,0,fffff9b9,1,0,3a,0,24c,68,0,0,0,0,0,0,0,0,0,8,0,0,0,0,1,0,0,1e60,0,0,0,0,24,
060d0d13,0,0,fffff9b9,1,0,3a,0,24c,68,0,0,0,0,0,0,0,0,0,8,0,0,0,0,1,0,0,1e60,0,0,0,0,24,
06002467,0,0,fffff9b9,1,0,3a,0,24c,68,0,0,0,0,0,0,0,0,0,8,0,0,0,0,1,0,0,1ec0,0,0,0,0,24,
060d0d13,0,0,fffff9b9,1,0,3a,0,24c,68,0,0,0,0,0,0,0,0,0,8,0,0,0,0,1,0,0,1ec0,0,0,0,0,24,
06002467,0,0,fffff9b9,1,0,3a,0,24c,68,0,0,0,0,0,0,0,0,0,8,0,0,0,0,1,0,0,1f20,0,0,0,0,24,
060d0d13,0,0,fffff9b9,1,0,3a,0,24c,68,0,0,0,0,0,0,0,0,0,8,0,0,0,0,1,0,0,1f20,0,0,0,0,24,
06002467,0,0,fffff9b9,1,0,3a,0,24c,68,0,0,0,0,0,0,0,0,0,8,0,0,0,0,1,0,0,1f80,0,0,0,0,24,
060d0d13,0,0,fffff9b9,1,0,3a,0,24c,68,0,0,0,0,0,0,0,0,0,8,0,0,0,0,1,0,0,1f80,0,0,0,0,24,
06002467,0,0,fffff9b9,1,0,3a,0,24c,68,0,0,0,0,0,0,0,0,0,8,0,0,0,0,1,0,0,1fe0,0,0,0,0,24,
060d0d13,0,0,fffff9b9,1,0,3a,0,24c,68,0,0,0,0,0,0,0,0,0,8,0,0,0,0,1,0,0,1fe0,0,0,0,0,24,
06002467,0,0,fffff9b9,1,0,3a,0,24c,68,0,0,0,0,0,0,0,0,0,8,0,0,0,0,1,0,0,2040,0,0,0,0,24,
060d0d13,0,0,fffff9b9,1,0,3a,0,24c,68,0,0,0,0,0,0,0,0,0,8,0,0,0,0,1,0,0,2040,0,0,0,0,24,
06002467,0,0,fffff9b9,1,0,3a,0,24c,68,0,0,0,0,0,0,0,0,0,8,0,0,0,0,1,0,0,20a0,0,0,0,0,24,
060d0d13,0,0,fffff9b9,1,0,3a,0,24c,68,0,0,0,0,0,0,0,0,0,8,0,0,0,0,1,0,0,20a0,0,0,0,0,24,
06002467,0,0,fffff9b9,1,0,3a,0,24c,68,0,0,0,0,0,0,0,0,0,8,0,0,0,0,1,0,0,2100,0,0,0,0,24,
060d0d13,0,0,fffff9b9,1,0,3a,0,24c,68,0,0,0,0,0,0,0,0,0,8,0,0,0,0,1,0,0,2100,0,0,0,0,24,
06002467,0,0,fffff9b9,1,0,3a,0,24c,68,0,0,0,0,0,0,0,0,0,8,0,0,0,0,1,0,0,2160,0,0,0,0,24,
060d0d13,0,0,fffff9b9,1,0,3a,0,24c,68,0,0,0,0,0,0,0,0,0,8,0,0,0,0,1,0,0,2160,0,0,0,0,24,
06002467,0,0,fffff9b9,1,0,3a,0,24c,68,0,0,0,0,0,0,0,0,0,8,0,0,0,0,1,0,0,21c0,0,0,0,0,24,
060d0d13,0,0,fffff9b9,1,0,3a,0,24c,68,0,0,0,0,0,0,0,0,0,8,0,0,0,0,1,0,0,21c0,0,0,0,0,24,
06002467,0,0,fffff9b9,1,0,3a,0,24c,68,0,0,0,0,0,0,0,0,0,8,0,0,0,0,1,0,0,2220,0,0,0,0,24,
060d0d13,0,0,fffff9b9,1,0,3a,0,24c,68,0,0,0,0,0,0,0,0,0,8,0,0,0,0,1,0,0,2220,0,0,0,0,24,
06002467,0,0,fffff9b9,1,0,3a,0,24c,68,0,0,0,0,0,0,0,0,0,8,0,0,0,0,1,0,0,2280,0,0,0,0,24,
060d0d13,0,0,fffff9b9,1,0,3a,0,24c,68,0,0,0,0,0,0,0,0,0,8,0,0,0,0,1,0,0,2280,0,0,0,0,24,
06002467,0,0,fffff9b9,1,0,3a,0,24c,68,0,0,0,0,0,0,0,0,0,8,0,0,0,0,1,0,0,22e0,0,0,0,0,24,
060d0d13,0,0,fffff9b9,1,0,3a,0,24c,68,0,0,0,0,0,0,0,0,0,8,0,0,0,0,1,0,0,22e0,0,0,0,0,24,
06002467,0,0,fffff9b9,1,0,3a,0,24c,68,0,0,0,0,0,0,0,0,0,8,0,0,0,0,1,0,0,2340,0,0,0,0,24,
060d0d13,0,0,fffff9b9,1,0,3a,0,24c,68,0,0,0,0,0,0,0,0,0,8,0,0,0,0,1,0,0,2340,0,0,0,0,24,
06002467,0,0,fffff9b9,1,0,3a,0,24c,68,0,0,0,0,0,0,0,0,0,8,0,0,0,0,1,0,0,23a0,0,0,0,0,24,
060d0d13,0,0,fffff9b9,1,0,3a,0,24c,68,0,0,0,0,0,0,0,0,0,8,0,0,0,0,1,0,0,23a0,0,0,0,0,24,
06002467,0,0,fffff9b9,1,0,3a,0,24c,68,0,0,0,0,0,0,0,0,0,8,0,0,0,0,1,0,0,2400,0,0,0,0,24,
060d0d13,0,0,fffff9b9,1,0,3a,0,24c,68,0,0,0,0,0,0,0,0,0,8,0,0,0,0,1,0,0,2400,0,0,0,0,24,
06002467,0,0,fffff9b9,1,0,3a,0,24c,68,0,0,0,0,0,0,0,0,0,8,0,0,0,0,1,0,0,2460,0,0,0,0,24,
060d0d13,0,0,fffff9b9,1,0,3a,0,24c,68,0,0,0,0,0,0,0,0,0,8,0,0,0,0,1,0,0,2460,0,0,0,0,24,
06002467,0,0,fffff9b9,1,0,3a,0,24c,68,0,0,0,0,0,0,0,0,0,8,0,0,0,0,1,0,0,24c0,0,0,0,0,24,
060d0d13,0,0,fffff9b9,1,0,3a,0,24c,68,0,0,0,0,0,0,0,0,0,8,0,0,0,0,1,0,0,24c0,0,0,0,0,24,
06002467,0,0,fffff9b9,1,0,3a,0,24c,68,0,0,0,0,0,0,0,0,0,8,0,0,0,0,1,0,0,2520,0,0,0,0,24,
060d0d13,0,0,fffff9b9,1,0,3a,0,24c,68,0,0,0,0,0,0,0,0,0,8,0,0,0,0,1,0,0,2520,0,0,0,0,24,
06002467,0,0,fffff9b9,1,0,3a,0,24c,68,0,0,0,0,0,0,0,0,0,8,0,0,0,0,1,0,0,2580,0,0,0,0,24,
060d0d13,0,0,fffff9b9,1,0,3a,0,24c,68,0,0,0,0,0,0,0,0,0,8,0,0,0,0,1,0,0,2580,0,0,0,0,24,
06002467,0,0,fffff9b9,1,0,3a,0,24c,68,0,0,0,0,0,0,0,0,0,8,0,0,0,0,1,0,0,25e0,0,0,0,0,24,
060d0d13,0,0,fffff9b9,1,0,3a,0,24c,68,0,0,0,0,0,0,0,0,0,8,0,0,0,0,1,0,0,25e0,0,0,0,0,24,
06002467,0,0,fffff9b9,1,0,3a,0,24c,68,0,0,0,0,0,0,0,0,0,8,0,0,0,0,1,0,0,2640,0,0,0,0,24,
060d0d13,0,0,fffff9b9,1,0,3a,0,24c,68,0,0,0,0,0,0,0,0,0,8,0,0,0,0,1,0,0,2640,0,0,0,0,24,
06002467,0,0,fffff9b9,1,0,3a,0,24c,68,0,0,0,0,0,0,0,0,0,8,0,0,0,0,1,0,0,26a0,0,0,0,0,24,
060d0d13,0,0,fffff9b9,1,0,3a,0,24c,68,0,0,0,0,0,0,0,0,0,8,0,0,0,0,1,0,0,26a0,0,0,0,0,24,
06002467,0,0,fffff9b9,1,0,3a,0,24c,68,0,0,0,0,0,0,0,0,0,8,0,0,0,0,1,0,0,2700,0,0,0,0,24,
060d0d13,0,0,fffff9b9,1,0,3a,0,24c,68,0,0,0,0,0,0,0,0,0,8,0,0,0,0,1,0,0,2700,0,0,0,0,24,
06002467,0,0,fffff9b9,1,0,3a,0,24c,68,0,0,0,0,0,0,0,0,0,8,0,0,0,0,1,0,0,2760,0,0,0,0,24,
060d0d13,0,0,fffff9b9,1,0,3a,0,24c,68,0,0,0,0,0,0,0,0,0,8,0,0,0,0,1,0,0,2760,0,0,0,0,24,
06002467,0,0,fffff9b9,1,0,3a,0,24c,68,0,0,0,0,0,0,0,0,0,8,0,0,0,0,1,0,0,27c0,0,0,0,0,24,
060d0d13,0,0,fffff9b9,1,0,3a,0,24c,68,0,0,0,0,0,0,0,0,0,8,0,0,0,0,1,0,0,27c0,0,0,0,0,24,
06002467,0,0,fffff9b9,1,0,3a,0,24c,68,0,0,0,0,0,0,0,0,0,8,0,0,0,0,1,0,0,2820,0,0,0,0,24,
060d0d13,0,0,fffff9b9,1,0,3a,0,24c,68,0,0,0,0,0,0,0,0,0,8,0,0,0,0,1,0,0,2820,0,0,0,0,24,
06002467,0,0,fffff9b9,1,0,3a,0,24c,68,0,0,0,0,0,0,0,0,0,8,0,0,0,0,1,0,0,2880,0,0,0,0,24,
060d0d13,0,0,fffff9b9,1,0,3a,0,24c,68,0,0,0,0,0,0,0,0,0,8,0,0,0,0,1,0,0,2880,0,0,0,0,24,
06002467,0,0,fffff9b9,1,0,3a,0,24c,68,0,0,0,0,0,0,0,0,0,8,0,0,0,0,1,0,0,28e0,0,0,0,0,24,
060d0d13,0,0,fffff9b9,1,0,3a,0,24c,68,0,0,0,0,0,0,0,0,0,8,0,0,0,0,1,0,0,28e0,0,0,0,0,24,
06002467,0,0,fffff9b9,1,0,3a,0,24c,68,0,0,0,0,0,0,0,0,0,8,0,0,0,0,1,0,0,2940,0,0,0,0,24,
060d0d13,0,0,fffff9b9,1,0,3a,0,24c,68,0,0,0,0,0,0,0,0,0,8,0,0,0,0,1,0,0,2940,0,0,0,0,24,
06002467,0,0,fffff9b9,1,0,3a,0,24c,68,0,0,0,0,0,0,0,0,0,8,0,0,0,0,1,0,0,29a0,0,0,0,0,24,
060d0d13,0,0,fffff9b9,1,0,3a,0,24c,68,0,0,0,0,0,0,0,0,0,8,0,0,0,0,1,0,0,29a0,0,0,0,0,24,
06002467,0,0,fffff9b9,1,0,3a,0,24c,68,0,0,0,0,0,0,0,0,0,8,0,0,0,0,1,0,0,2a00,0,0,0,0,24,
060d0d13,0,0,fffff9b9,1,0,3a,0,24c,68,0,0,0,0,0,0,0,0,0,8,0,0,0,0,1,0,0,2a00,0,0,0,0,24,
06002467,0,0,fffff9b9,1,0,3a,0,24c,68,0,0,0,0,0,0,0,0,0,8,0,0,0,0,1,0,0,2a60,0,0,0,0,24,
060d0d13,0,0,fffff9b9,1,0,3a,0,24c,68,0,0,0,0,0,0,0,0,0,8,0,0,0,0,1,0,0,2a60,0,0,0,0,24,
06002467,0,0,fffff9b9,1,0,3a,0,24c,68,0,0,0,0,0,0,0,0,0,8,0,0,0,0,1,0,0,2ac0,0,0,0,0,24,
060d0d13,0,0,fffff9b9,1,0,3a,0,24c,68,0,0,0,0,0,0,0,0,0,8,0,0,0,0,1,0,0,2ac0,0,0,0,0,24,
06002467,0,0,fffff9b9,1,0,3a,0,24c,68,0,0,0,0,0,0,0,0,0,8,0,0,0,0,1,0,0,2b20,0,0,0,0,24,
060d0d13,0,0,fffff9b9,1,0,3a,0,24c,68,0,0,0,0,0,0,0,0,0,8,0,0,0,0,1,0,0,2b20,0,0,0,0,24,
06002467,0,0,fffff9b9,1,0,3a,0,24c,68,0,0,0,0,0,0,0,0,0,8,0,0,0,0,1,0,0,2b80,0,0,0,0,24,
060d0d13,0,0,fffff9b9,1,0,3a,0,24c,68,0,0,0,0,0,0,0,0,0,8,0,0,0,0,1,0,0,2b80,0,0,0,0,24,
06002467,0,0,fffff9b9,1,0,3a,0,24c,68,0,0,0,0,0,0,0,0,0,8,0,0,0,0,1,0,0,2be0,0,0,0,0,24,
060d0d13,0,0,fffff9b9,1,0,3a,0,24c,68,0,0,0,0,0,0,0,0,0,8,0,0,0,0,1,0,0,2be0,0,0,0,0,24,
06002467,0,0,fffff9b9,1,0,3a,0,24c,68,0,0,0,0,0,0,0,0,0,8,0,0,0,0,1,0,0,2c40,0,0,0,0,24,
060d0d13,0,0,fffff9b9,1,0,3a,0,24c,68,0,0,0,0,0,0,0,0,0,8,0,0,0,0,1,0,0,2c40,0,0,0,0,24,
06002467,0,0,fffff9b9,1,0,3a,0,24c,68,0,0,0,0,0,0,0,0,0,8,0,0,0,0,1,0,0,2ca0,0,0,0,0,24,
060d0d13,0,0,fffff9b9,1,0,3a,0,24c,68,0,0,0,0,0,0,0,0,0,8,0,0,0,0,1,0,0,2ca0,0,0,0,0,24,
06002467,0,0,fffff9b9,1,0,3a,0,24c,68,0,0,0,0,0,0,0,0,0,8,0,0,0,0,1,0,0,2d00,0,0,0,0,24,
060d0d13,0,0,fffff9b9,1,0,3a,0,24c,68,0,0,0,0,0,0,0,0,0,8,0,0,0,0,1,0,0,2d00,0,0,0,0,24,
06002467,0,0,fffff9b9,1,0,3a,0,24c,68,0,0,0,0,0,0,0,0,0,8,0,0,0,0,1,0,0,2d60,0,0,0,0,24,
060d0d13,0,0,fffff9b9,1,0,3a,0,24c,68,0,0,0,0,0,0,0,0,0,8,0,0,0,0,1,0,0,2d60,0,0,0,0,24,
06002467,0,0,fffff9b9,1,0,3a,0,24c,68,0,0,0,0,0,0,0,0,0,8,0,0,0,0,1,0,0,2dc0,0,0,0,0,24,
060d0d13,0,0,fffff9b9,1,0,3a,0,24c,68,0,0,0,0,0,0,0,0,0,8,0,0,0,0,1,0,0,2dc0,0,0,0,0,24,
06002467,0,0,fffff9b9,1,0,3a,0,24c,68,0,0,0,0,0,0,0,0,0,8,0,0,0,0,1,0,0,2e20,0,0,0,0,24,
060d0d13,0,0,fffff9b9,1,0,3a,0,24c,68,0,0,0,0,0,0,0,0,0,8,0,0,0,0,1,0,0,2e20,0,0,0,0,24,
06002467,0,0,fffff9b9,1,0,3a,0,24c,68,0,0,0,0,0,0,0,0,0,8,0,0,0,0,1,0,0,2e80,0,0,0,0,24,
060d0d13,0,0,fffff9b9,1,0,3a,0,24c,68,0,0,0,0,0,0,0,0,0,8,0,0,0,0,1,0,0,2e80,0,0,0,0,24,
06002467,0,0,fffff9b9,1,0,3a,0,24c,68,0,0,0,0,0,0,0,0,0,8,0,0,0,0,1,0,0,2ee0,0,0,0,0,24,
060d0d13,0,0,fffff9b9,1,0,3a,0,24c,68,0,0,0,0,0,0,0,0,0,8,0,0,0,0,1,0,0,2ee0,0,0,0,0,24,
06002467,0,0,fffff9b9,1,0,3a,0,24c,68,0,0,0,0,0,0,0,0,0,8,0,0,0,0,1,0,0,2f40,0,0,0,0,24,
060d0d13,0,0,fffff9b9,1,0,3a,0,24c,68,0,0,0,0,0,0,0,0,0,8,0,0,0,0,1,0,0,2f40,0,0,0,0,24,
06002467,0,0,fffff9b9,1,0,3a,0,24c,68,0,0,0,0,0,0,0,0,0,8,0,0,0,0,1,0,0,2fa0,0,0,0,0,24,
060d0d13,0,0,fffff9b9,1,0,3a,0,24c,68,0,0,0,0,0,0,0,0,0,8,0,0,0,0,1,0,0,2fa0,0,0,0,0,24,
06002467,0,0,fffff9b9,1,0,3a,0,24c,68,0,0,0,0,0,0,0,0,0,8,0,0,0,0,1,0,0,3000,0,0,0,0,24,
060d0d13,0,0,fffff9b9,1,0,3a,0,24c,68,0,0,0,0,0,0,0,0,0,8,0,0,0,0,1,0,0,3000,0,0,0,0,24,
06002467,0,0,fffff9b9,1,0,3a,0,24c,68,0,0,0,0,0,0,0,0,0,8,0,0,0,0,1,0,0,3060,0,0,0,0,24,
060d0d13,0,0,fffff9b9,1,0,3a,0,24c,68,0,0,0,0,0,0,0,0,0,8,0,0,0,0,1,0,0,3060,0,0,0,0,24,
06002467,0,0,fffff9b9,1,0,3a,0,24c,68,0,0,0,0,0,0,0,0,0,8,0,0,0,0,1,0,0,30c0,0,0,0,0,24,
060d0d13,0,0,fffff9b9,1,0,3a,0,24c,68,0,0,0,0,0,0,0,0,0,8,0,0,0,0,1,0,0,30c0,0,0,0,0,24,
06002467,0,0,fffff9b9,1,0,3a,0,24c,68,0,0,0,0,0,0,0,0,0,8,0,0,0,0,1,0,0,3120,0,0,0,0,24,
060d0d13,0,0,fffff9b9,1,0,3a,0,24c,68,0,0,0,0,0,0,0,0,0,8,0,0,0,0,1,0,0,3120,0,0,0,0,24,
06002467,0,0,fffff9b9,1,0,3a,0,24c,68,0,0,0,0,0,0,0,0,0,8,0,0,0,0,1,0,0,3180,0,0,0,0,24,
060d0d13,0,0,fffff9b9,1,0,3a,0,24c,68,0,0,0,0,0,0,0,0,0,8,0,0,0,0,1,0,0,3180,0,0,0,0,24,
06002467,0,0,fffff9b9,1,0,3a,0,24c,68,0,0,0,0,0,0,0,0,0,8,0,0,0,0,1,0,0,31e0,0,0,0,0,24,
060d0d13,0,0,fffff9b9,1,0,3a,0,24c,68,0,0,0,0,0,0,0,0,0,8,0,0,0,0,1,0,0,31e0,0,0,0,0,24,
06002467,0,0,fffff9b9,1,0,3a,0,24c,68,0,0,0,0,0,0,0,0,0,8,0,0,0,0,1,0,0,3240,0,0,0,0,24,
060d0d13,0,0,fffff9b9,1,0,3a,0,24c,68,0,0,0,0,0,0,0,0,0,8,0,0,0,0,1,0,0,3240,0,0,0,0,24,
06002467,0,0,fffff9b9,1,0,3a,0,24c,68,0,0,0,0,0,0,0,0,0,8,0,0,0,0,1,0,0,32a0,0,0,0,0,24,
060d0d13,0,0,fffff9b9,1,0,3a,0,24c,68,0,0,0,0,0,0,0,0,0,8,0,0,0,0,1,0,0,32a0,0,0,0,0,24,
06002467,0,0,fffff9b9,1,0,3a,0,24c,68,0,0,0,0,0,0,0,0,0,8,0,0,0,0,1,0,0,3300,0,0,0,0,24,
060d0d13,0,0,fffff9b9,1,0,3a,0,24c,68,0,0,0,0,0,0,0,0,0,8,0,0,0,0,1,0,0,3300,0,0,0,0,24,
06002467,0,0,fffff9b9,1,0,3a,0,24c,68,0,0,0,0,0,0,0,0,0,8,0,0,0,0,1,0,0,3360,0,0,0,0,24,
060d0d13,0,0,fffff9b9,1,0,3a,0,24c,68,0,0,0,0,0,0,0,0,0,8,0,0,0,0,1,0,0,3360,0,0,0,0,24,
06002467,0,0,fffff9b9,1,0,3a,0,24c,68,0,0,0,0,0,0,0,0,0,8,0,0,0,0,1,0,0,33c0,0,0,0,0,24,
060d0d13,0,0,fffff9b9,1,0,3a,0,24c,68,0,0,0,0,0,0,0,0,0,8,0,0,0,0,1,0,0,33c0,0,0,0,0,24,
06002467,0,0,fffff9b9,1,0,3a,0,24c,68,0,0,0,0,0,0,0,0,0,8,0,0,0,0,1,0,0,3420,0,0,0,0,24,
060d0d13,0,0,fffff9b9,1,0,3a,0,24c,68,0,0,0,0,0,0,0,0,0,8,0,0,0,0,1,0,0,3420,0,0,0,0,24,
06002467,0,0,fffff9b9,1,0,3a,0,24c,68,0,0,0,0,0,0,0,0,0,8,0,0,0,0,1,0,0,3480,0,0,0,0,24,
060d0d13,0,0,fffff9b9,1,0,3a,0,24c,68,0,0,0,0,0,0,0,0,0,8,0,0,0,0,1,0,0,3480,0,0,0,0,24,
06002467,0,0,fffff9b9,1,0,3a,0,24c,68,0,0,0,0,0,0,0,0,0,8,0,0,0,0,1,0,0,34e0,0,0,0,0,24,
060d0d13,0,0,fffff9b9,1,0,3a,0,24c,68,0,0,0,0,0,0,0,0,0,8,0,0,0,0,1,0,0,34e0,0,0,0,0,24,
06002467,0,0,fffff9b9,1,0,3a,0,24c,68,0,0,0,0,0,0,0,0,0,8,0,0,0,0,1,0,0,3540,0,0,0,0,24,
060d0d13,0,0,fffff9b9,1,0,3a,0,24c,68,0,0,0,0,0,0,0,0,0,8,0,0,0,0,1,0,0,3540,0,0,0,0,24,
06002467,0,0,fffff9b9,1,0,3a,0,24c,68,0,0,0,0,0,0,0,0,0,8,0,0,0,0,1,0,0,35a0,0,0,0,0,24,
060d0d13,0,0,fffff9b9,1,0,3a,0,24c,68,0,0,0,0,0,0,0,0,0,8,0,0,0,0,1,0,0,35a0,0,0,0,0,24,
06002467,0,0,fffff9b9,1,0,3a,0,24c,68,0,0,0,0,0,0,0,0,0,8,0,0,0,0,1,0,0,3600,0,0,0,0,24,
060d0d13,0,0,fffff9b9,1,0,3a,0,24c,68,0,0,0,0,0,0,0,0,0,8,0,0,0,0,1,0,0,3600,0,0,0,0,24,
06002467,0,0,fffff9b9,1,0,3a,0,24c,68,0,0,0,0,0,0,0,0,0,8,0,0,0,0,1,0,0,3660,0,0,0,0,24,
060d0d13,0,0,fffff9b9,1,0,3a,0,24c,68,0,0,0,0,0,0,0,0,0,8,0,0,0,0,1,0,0,3660,0,0,0,0,24,
06002467,0,0,fffff9b9,1,0,3a,0,24c,68,0,0,0,0,0,0,0,0,0,8,0,0,0,0,1,0,0,36c0,0,0,0,0,24,
060d0d13,0,0,fffff9b9,1,0,3a,0,24c,68,0,0,0,0,0,0,0,0,0,8,0,0,0,0,1,0,0,36c0,0,0,0,0,24,
06002467,0,0,fffff9b9,1,0,3a,0,24c,68,0,0,0,0,0,0,0,0,0,8,0,0,0,0,1,0,0,3720,0,0,0,0,24,
060d0d13,0,0,fffff9b9,1,0,3a,0,24c,68,0,0,0,0,0,0,0,0,0,8,0,0,0,0,1,0,0,3720,0,0,0,0,24,
06002467,0,0,fffff9b9,1,0,3a,0,24c,68,0,0,0,0,0,0,0,0,0,8,0,0,0,0,1,0,0,3780,0,0,0,0,24,
060d0d13,0,0,fffff9b9,1,0,3a,0,24c,68,0,0,0,0,0,0,0,0,0,8,0,0,0,0,1,0,0,3780,0,0,0,0,24,
06002467,0,0,fffff9b9,1,0,3a,0,24c,68,0,0,0,0,0,0,0,0,0,8,0,0,0,0,1,0,0,37e0,0,0,0,0,24,
060d0d13,0,0,fffff9b9,1,0,3a,0,24c,68,0,0,0,0,0,0,0,0,0,8,0,0,0,0,1,0,0,37e0,0,0,0,0,24,
06002467,0,0,fffff9b9,1,0,3a,0,24c,68,0,0,0,0,0,0,0,0,0,8,0,0,0,0,1,0,0,3840,0,0,0,0,24,
060d0d13,0,0,fffff9b9,1,0,3a,0,24c,68,0,0,0,0,0,0,0,0,0,8,0,0,0,0,1,0,0,3840,0,0,0,0,24,
06002467,0,0,fffff9b9,1,0,3a,0,24c,68,0,0,0,0,0,0,0,0,0,8,0,0,0,0,1,0,0,38a0,0,0,0,0,24,
060d0d13,0,0,fffff9b9,1,0,3a,0,24c,68,0,0,0,0,0,0,0,0,0,8,0,0,0,0,1,0,0,38a0,0,0,0,0,24,
06002467,0,0,fffff9b9,1,0,3a,0,24c,68,0,0,0,0,0,0,0,0,0,8,0,0,0,0,1,0,0,3900,0,0,0,0,24,
060d0d13,0,0,fffff9b9,1,0,3a,0,24c,68,0,0,0,0,0,0,0,0,0,8,0,0,0,0,1,0,0,3900,0,0,0,0,24,
06002467,0,0,fffff9b9,1,0,3a,0,24c,68,0,0,0,0,0,0,0,0,0,8,0,0,0,0,1,0,0,3960,0,0,0,0,24,
060d0d13,0,0,fffff9b9,1,0,3a,0,24c,68,0,0,0,0,0,0,0,0,0,8,0,0,0,0,1,0,0,3960,0,0,0,0,24,
06002467,0,0,fffff9b9,1,0,3a,0,24c,68,0,0,0,0,0,0,0,0,0,8,0,0,0,0,1,0,0,39c0,0,0,0,0,24,
060d0d13,0,0,fffff9b9,1,0,3a,0,24c,68,0,0,0,0,0,0,0,0,0,8,0,0,0,0,1,0,0,39c0,0,0,0,0,24,
06002467,0,0,fffff9b9,1,0,3a,0,24c,68,0,0,0,0,0,0,0,0,0,8,0,0,0,0,1,0,0,3a20,0,0,0,0,24,
060d0d13,0,0,fffff9b9,1,0,3a,0,24c,68,0,0,0,0,0,0,0,0,0,8,0,0,0,0,1,0,0,3a20,0,0,0,0,24,
06002467,0,0,fffff9b9,1,0,3a,0,24c,68,0,0,0,0,0,0,0,0,0,8,0,0,0,0,1,0,0,3a80,0,0,0,0,24,
060d0d13,0,0,fffff9b9,1,0,3a,0,24c,68,0,0,0,0,0,0,0,0,0,8,0,0,0,0,1,0,0,3a80,0,0,0,0,24,
06002467,0,0,fffff9b9,1,0,3a,0,24c,68,0,0,0,0,0,0,0,0,0,8,0,0,0,0,1,0,0,3ae0,0,0,0,0,24,
060d0d13,0,0,fffff9b9,1,0,3a,0,24c,68,0,0,0,0,0,0,0,0,0,8,0,0,0,0,1,0,0,3ae0,0,0,0,0,24,
06002467,0,0,fffff9b9,1,0,3a,0,24c,68,0,0,0,0,0,0,0,0,0,8,0,0,0,0,1,0,0,3b40,0,0,0,0,24,
060d0d13,0,0,fffff9b9,1,0,3a,0,24c,68,0,0,0,0,0,0,0,0,0,8,0,0,0,0,1,0,0,3b40,0,0,0,0,24,
06002467,0,0,fffff9b9,1,0,3a,0,24c,68,0,0,0,0,0,0,0,0,0,8,0,0,0,0,1,0,0,3ba0,0,0,0,0,24,
060d0d13,0,0,fffff9b9,1,0,3a,0,24c,68,0,0,0,0,0,0,0,0,0,8,0,0,0,0,1,0,0,3ba0,0,0,0,0,24,
06002467,0,0,fffff9b9,1,0,3a,0,24c,68,0,0,0,0,0,0,0,0,0,8,0,0,0,0,1,0,0,3c00,0,0,0,0,24,
060d0d13,0,0,fffff9b9,1,0,3a,0,24c,68,0,0,0,0,0,0,0,0,0,8,0,0,0,0,1,0,0,3c00,0,0,0,0,24,
06002467,0,0,fffff9b9,1,0,3a,0,24c,68,0,0,0,0,0,0,0,0,0,8,0,0,0,0,1,0,0,3c60,0,0,0,0,24,
060d0d13,0,0,fffff9b9,1,0,3a,0,24c,68,0,0,0,0,0,0,0,0,0,8,0,0,0,0,1,0,0,3c60,0,0,0,0,24,
06002467,0,0,fffff9b9,1,0,3a,0,24c,68,0,0,0,0,0,0,0,0,0,8,0,0,0,0,1,0,0,3cc0,0,0,0,0,24,
060d0d13,0,0,fffff9b9,1,0,3a,0,24c,68,0,0,0,0,0,0,0,0,0,8,0,0,0,0,1,0,0,3cc0,0,0,0,0,24,
06002467,0,0,fffff9b9,1,0,3a,0,24c,68,0,0,0,0,0,0,0,0,0,8,0,0,0,0,1,0,0,3d20,0,0,0,0,24,
060d0d13,0,0,fffff9b9,1,0,3a,0,24c,68,0,0,0,0,0,0,0,0,0,8,0,0,0,0,1,0,0,3d20,0,0,0,0,24,
06002467,0,0,fffff9b9,1,0,3a,0,24c,68,0,0,0,0,0,0,0,0,0,8,0,0,0,0,1,0,0,3d80,0,0,0,0,24,
060d0d13,0,0,fffff9b9,1,0,3a,0,24c,68,0,0,0,0,0,0,0,0,0,8,0,0,0,0,1,0,0,3d80,0,0,0,0,24,
06002467,0,0,fffff9b9,1,0,3a,0,24c,68,0,0,0,0,0,0,0,0,0,8,0,0,0,0,1,0,0,3de0,0,0,0,0,24,
060d0d13,0,0,fffff9b9,1,0,3a,0,24c,68,0,0,0,0,0,0,0,0,0,8,0,0,0,0,1,0,0,3de0,0,0,0,0,24,
06002467,0,0,fffff9b9,1,0,3a,0,24c,68,0,0,0,0,0,0,0,0,0,8,0,0,0,0,1,0,0,3e40,0,0,0,0,24,
060d0d13,0,0,fffff9b9,1,0,3a,0,24c,68,0,0,0,0,0,0,0,0,0,8,0,0,0,0,1,0,0,3e40,0,0,0,0,24,
06002467,0,0,fffff9b9,1,0,3a,0,24c,68,0,0,0,0,0,0,0,0,0,8,0,0,0,0,1,0,0,3ea0,0,0,0,0,24,
060d0d13,0,0,fffff9b9,1,0,3a,0,24c,68,0,0,0,0,0,0,0,0,0,8,0,0,0,0,1,0,0,3ea0,0,0,0,0,24,
06002467,0,0,fffff9b9,1,0,3a,0,24c,68,0,0,0,0,0,0,0,0,0,8,0,0,0,0,1,0,0,3f00,0,0,0,0,24,
060d0d13,0,0,fffff9b9,1,0,3a,0,24c,68,0,0,0,0,0,0,0,0,0,8,0,0,0,0,1,0,0,3f00,0,0,0,0,24,
06002467,0,0,fffff9b9,1,0,3a,0,24c,68,0,0,0,0,0,0,0,0,0,8,0,0,0,0,1,0,0,3f60,0,0,0,0,24,
060d0d13,0,0,fffff9b9,1,0,3a,0,24c,68,0,0,0,0,0,0,0,0,0,8,0,0,0,0,1,0,0,3f60,0,0,0,0,24,
06002467,0,0,fffff9b9,1,0,3a,0,24c,68,0,0,0,0,0,0,0,0,0,8,0,0,0,0,1,0,0,3fc0,0,0,0,0,24,
060d0d13,0,0,fffff9b9,1,0,3a,0,24c,68,0,0,0,0,0,0,0,0,0,8,0,0,0,0,1,0,0,3fc0,0,0,0,0,24,
06002467,0,0,fffff9b9,1,0,3a,0,24c,68,0,0,0,0,0,0,0,0,0,8,0,0,0,0,1,0,0,4020,0,0,0,0,24,
060d0d13,0,0,fffff9b9,1,0,3a,0,24c,68,0,0,0,0,0,0,0,0,0,8,0,0,0,0,1,0,0,4020,0,0,0,0,24,
06002467,0,0,fffff9b9,1,0,3a,0,24c,68,0,0,0,0,0,0,0,0,0,8,0,0,0,0,1,0,0,4080,0,0,0,0,24,
060d0d13,0,0,fffff9b9,1,0,3a,0,24c,68,0,0,0,0,0,0,0,0,0,8,0,0,0,0,1,0,0,4080,0,0,0,0,24,
06002467,0,0,fffff9b9,1,0,3a,0,24c,68,0,0,0,0,0,0,0,0,0,8,0,0,0,0,1,0,0,40e0,0,0,0,0,24,
060d0d13,0,0,fffff9b9,1,0,3a,0,24c,68,0,0,0,0,0,0,0,0,0,8,0,0,0,0,1,0,0,40e0,0,0,0,0,24,
06002467,0,0,fffff9b9,1,0,3a,0,24c,68,0,0,0,0,0,0,0,0,0,8,0,0,0,0,1,0,0,4140,0,0,0,0,24,
060d0d13,0,0,fffff9b9,1,0,3a,0,24c,68,0,0,0,0,0,0,0,0,0,8,0,0,0,0,1,0,0,4140,0,0,0,0,24,
06002467,0,0,fffff9b9,1,0,3a,0,24c,68,0,0,0,0,0,0,0,0,0,8,0,0,0,0,1,0,0,41a0,0,0,0,0,24,
060d0d13,0,0,fffff9b9,1,0,3a,0,24c,68,0,0,0,0,0,0,0,0,0,8,0,0,0,0,1,0,0,41a0,0,0,0,0,24,
06002467,0,0,fffff9b9,1,0,3a,0,24c,68,0,0,0,0,0,0,0,0,0,8,0,0,0,0,1,0,0,4200,0,0,0,0,24,
060d0d13,0,0,fffff9b9,1,0,3a,0,24c,68,0,0,0,0,0,0,0,0,0,8,0,0,0,0,1,0,0,4200,0,0,0,0,24,
06002467,0,0,fffff9b9,1,0,3a,0,24c,68,0,0,0,0,0,0,0,0,0,8,0,0,0,0,1,0,0,4260,0,0,0,0,24,
060d0d13,0,0,fffff9b9,1,0,3a,0,24c,68,0,0,0,0,0,0,0,0,0,8,0,0,0,0,1,0,0,4260,0,0,0,0,24,
06002467,0,0,fffff9b9,1,0,3a,0,24c,68,0,0,0,0,0,0,0,0,0,8,0,0,0,0,1,0,0,42c0,0,0,0,0,24,
060d0d13,0,0,fffff9b9,1,0,3a,0,24c,68,0,0,0,0,0,0,0,0,0,8,0,0,0,0,1,0,0,42c0,0,0,0,0,24,
06002467,0,0,fffff9b9,1,0,3a,0,24c,68,0,0,0,0,0,0,0,0,0,8,0,0,0,0,1,0,0,4320,0,0,0,0,24,
060d0d13,0,0,fffff9b9,1,0,3a,0,24c,68,0,0,0,0,0,0,0,0,0,8,0,0,0,0,1,0,0,4320,0,0,0,0,24,
06002467,0,0,fffff9b9,1,0,3a,0,24c,68,0,0,0,0,0,0,0,0,0,8,0,0,0,0,1,0,0,4380,0,0,0,0,24,
060d0d13,0,0,fffff9b9,1,0,3a,0,24c,68,0,0,0,0,0,0,0,0,0,8,0,0,0,0,1,0,0,4380,0,0,0,0,24,
06002467,0,0,fffff9b9,1,0,3a,0,24c,68,0,0,0,0,0,0,0,0,0,8,0,0,0,0,1,0,0,43e0,0,0,0,0,24,
060d0d13,0,0,fffff9b9,1,0,3a,0,24c,68,0,0,0,0,0,0,0,0,0,8,0,0,0,0,1,0,0,43e0,0,0,0,0,24,
06002467,0,0,fffff9b9,1,0,3a,0,24c,68,0,0,0,0,0,0,0,0,0,8,0,0,0,0,1,0,0,4440,0,0,0,0,24,
060d0d13,0,0,fffff9b9,1,0,3a,0,24c,68,0,0,0,0,0,0,0,0,0,8,0,0,0,0,1,0,0,4440,0,0,0,0,24,
06002467,0,0,fffff9b9,1,0,3a,0,24c,68,0,0,0,0,0,0,0,0,0,8,0,0,0,0,1,0,0,44a0,0,0,0,0,24,
060d0d13,0,0,fffff9b9,1,0,3a,0,24c,68,0,0,0,0,0,0,0,0,0,8,0,0,0,0,1,0,0,44a0,0,0,0,0,24,
06002467,0,0,fffff9b9,1,0,3a,0,24c,68,0,0,0,0,0,0,0,0,0,8,0,0,0,0,1,0,0,4500,0,0,0,0,24,
060d0d13,0,0,fffff9b9,1,0,3a,0,24c,68,0,0,0,0,0,0,0,0,0,8,0,0,0,0,1,0,0,4500,0,0,0,0,24,
06002467,0,0,fffff9b9,1,0,3a,0,24c,68,0,0,0,0,0,0,0,0,0,8,0,0,0,0,1,0,0,4560,0,0,0,0,24,
060d0d13,0,0,fffff9b9,1,0,3a,0,24c,68,0,0,0,0,0,0,0,0,0,8,0,0,0,0,1,0,0,4560,0,0,0,0,24,
06002467,0,0,fffff9b9,1,0,3a,0,24c,68,0,0,0,0,0,0,0,0,0,8,0,0,0,0,1,0,0,45c0,0,0,0,0,24,
060d0d13,0,0,fffff9b9,1,0,3a,0,24c,68,0,0,0,0,0,0,0,0,0,8,0,0,0,0,1,0,0,45c0,0,0,0,0,24,
06002467,0,0,fffff9b9,1,0,3a,0,24c,68,0,0,0,0,0,0,0,0,0,8,0,0,0,0,1,0,0,4620,0,0,0,0,24,
060d0d13,0,0,fffff9b9,1,0,3a,0,24c,68,0,0,0,0,0,0,0,0,0,8,0,0,0,0,1,0,0,4620,0,0,0,0,24,
06002467,0,0,fffff9b9,1,0,3a,0,24c,68,0,0,0,0,0,0,0,0,0,8,0,0,0,0,1,0,0,4680,0,0,0,0,24,
060d0d13,0,0,fffff9b9,1,0,3a,0,24c,68,0,0,0,0,0,0,0,0,0,8,0,0,0,0,1,0,0,4680,0,0,0,0,24,
06002467,0,0,fffff9b9,1,0,3a,0,24c,68,0,0,0,0,0,0,0,0,0,8,0,0,0,0,1,0,0,46e0,0,0,0,0,24,
060d0d13,0,0,fffff9b9,1,0,3a,0,24c,68,0,0,0,0,0,0,0,0,0,8,0,0,0,0,1,0,0,46e0,0,0,0,0,24,
06002467,0,0,fffff9b9,1,0,3a,0,24c,68,0,0,0,0,0,0,0,0,0,8,0,0,0,0,1,0,0,4740,0,0,0,0,24,
060d0d13,0,0,fffff9b9,1,0,3a,0,24c,68,0,0,0,0,0,0,0,0,0,8,0,0,0,0,1,0,0,4740,0,0,0,0,24,
06002467,0,0,fffff9b9,1,0,3a,0,24c,68,0,0,0,0,0,0,0,0,0,8,0,0,0,0,1,0,0,47a0,0,0,0,0,24,
060d0d13,0,0,fffff9b9,1,0,3a,0,24c,68,0,0,0,0,0,0,0,0,0,8,0,0,0,0,1,0,0,47a0,0,0,0,0,24,
06002467,0,0,fffff9b9,1,0,3a,0,24c,68,0,0,0,0,0,0,0,0,0,8,0,0,0,0,1,0,0,4800,0,0,0,0,24,
060d0d13,0,0,fffff9b9,1,0,3a,0,24c,68,0,0,0,0,0,0,0,0,0,8,0,0,0,0,1,0,0,4800,0,0,0,0,24,
06002467,0,0,fffff9b9,1,0,3a,0,24c,68,0,0,0,0,0,0,0,0,0,8,0,0,0,0,1,0,0,4860,0,0,0,0,24,
060d0d13,0,0,fffff9b9,1,0,3a,0,24c,68,0,0,0,0,0,0,0,0,0,8,0,0,0,0,1,0,0,4860,0,0,0,0,24,
06002467,0,0,fffff9b9,1,0,3a,0,24c,68,0,0,0,0,0,0,0,0,0,8,0,0,0,0,1,0,0,48c0,0,0,0,0,24,
060d0d13,0,0,fffff9b9,1,0,3a,0,24c,68,0,0,0,0,0,0,0,0,0,8,0,0,0,0,1,0,0,48c0,0,0,0,0,24,
06002467,0,0,fffff9b9,1,0,3a,0,24c,68,0,0,0,0,0,0,0,0,0,8,0,0,0,0,1,0,0,4920,0,0,0,0,24,
060d0d13,0,0,fffff9b9,1,0,3a,0,24c,68,0,0,0,0,0,0,0,0,0,8,0,0,0,0,1,0,0,4920,0,0,0,0,24,
06002467,0,0,fffff9b9,1,0,3a,0,24c,68,0,0,0,0,0,0,0,0,0,8,0,0,0,0,1,0,0,4980,0,0,0,0,24,
060d0d13,0,0,fffff9b9,1,0,3a,0,24c,68,0,0,0,0,0,0,0,0,0,8,0,0,0,0,1,0,0,4980,0,0,0,0,24,
06002467,0,0,fffff9b9,1,0,3a,0,24c,68,0,0,0,0,0,0,0,0,0,8,0,0,0,0,1,0,0,49e0,0,0,0,0,24,
060d0d13,0,0,fffff9b9,1,0,3a,0,24c,68,0,0,0,0,0,0,0,0,0,8,0,0,0,0,1,0,0,49e0,0,0,0,0,24,
06002467,0,0,fffff9b9,1,0,3a,0,24c,68,0,0,0,0,0,0,0,0,0,8,0,0,0,0,1,0,0,4a40,0,0,0,0,24,
060d0d13,0,0,fffff9b9,1,0,3a,0,24c,68,0,0,0,0,0,0,0,0,0,8,0,0,0,0,1,0,0,4a40,0,0,0,0,24,
06002467,0,0,fffff9b9,1,0,3a,0,24c,68,0,0,0,0,0,0,0,0,0,8,0,0,0,0,1,0,0,4aa0,0,0,0,0,24,
060d0d13,0,0,fffff9b9,1,0,3a,0,24c,68,0,0,0,0,0,0,0,0,0,8,0,0,0,0,1,0,0,4aa0,0,0,0,0,24,
06002467,0,0,fffff9b9,1,0,3a,0,24c,68,0,0,0,0,0,0,0,0,0,8,0,0,0,0,1,0,0,4b00,0,0,0,0,24,
060d0d13,0,0,fffff9b9,1,0,3a,0,24c,68,0,0,0,0,0,0,0,0,0,8,0,0,0,0,1,0,0,4b00,0,0,0,0,24,
06002467,0,0,fffff9b9,1,0,3a,0,24c,68,0,0,0,0,0,0,0,0,0,8,0,0,0,0,1,0,0,4b60,0,0,0,0,24,
060d0d13,0,0,fffff9b9,1,0,3a,0,24c,68,0,0,0,0,0,0,0,0,0,8,0,0,0,0,1,0,0,4b60,0,0,0,0,24,
06002467,0,0,fffff9b9,1,0,3a,0,24c,68,0,0,0,0,0,0,0,0,0,8,0,0,0,0,1,0,0,4bc0,0,0,0,0,24,
060d0d13,0,0,fffff9b9,1,0,3a,0,24c,68,0,0,0,0,0,0,0,0,0,8,0,0,0,0,1,0,0,4bc0,0,0,0,0,24,
06002467,0,0,fffff9b9,1,0,3a,0,24c,68,0,0,0,0,0,0,0,0,0,8,0,0,0,0,1,0,0,4c20,0,0,0,0,24,
060d0d13,0,0,fffff9b9,1,0,3a,0,24c,68,0,0,0,0,0,0,0,0,0,8,0,0,0,0,1,0,0,4c20,0,0,0,0,24,
06002467,0,0,fffff9b9,1,0,3a,0,24c,68,0,0,0,0,0,0,0,0,0,8,0,0,0,0,1,0,0,4c80,0,0,0,0,24,
060d0d13,0,0,fffff9b9,1,0,3a,0,24c,68,0,0,0,0,0,0,0,0,0,8,0,0,0,0,1,0,0,4c80,0,0,0,0,24,
06002467,0,0,fffff9b9,1,0,3a,0,24c,68,0,0,0,0,0,0,0,0,0,8,0,0,0,0,1,0,0,4ce0,0,0,0,0,24,
060d0d13,0,0,fffff9b9,1,0,3a,0,24c,68,0,0,0,0,0,0,0,0,0,8,0,0,0,0,1,0,0,4ce0,0,0,0,0,24,
06002467,0,0,fffff9b9,1,0,3a,0,24c,68,0,0,0,0,0,0,0,0,0,8,0,0,0,0,1,0,0,4d40,0,0,0,0,24,
060d0d13,0,0,fffff9b9,1,0,3a,0,24c,68,0,0,0,0,0,0,0,0,0,8,0,0,0,0,1,0,0,4d40,0,0,0,0,24,
06002467,0,0,fffff9b9,1,0,3a,0,24c,68,0,0,0,0,0,0,0,0,0,8,0,0,0,0,1,0,0,4da0,0,0,0,0,24,
060d0d13,0,0,fffff9b9,1,0,3a,0,24c,68,0,0,0,0,0,0,0,0,0,8,0,0,0,0,1,0,0,4da0,0,0,0,0,24,
06002467,0,0,fffff9b9,1,0,3a,0,24c,68,0,0,0,0,0,0,0,0,0,8,0,0,0,0,1,0,0,4e00,0,0,0,0,24,
060d0d13,0,0,fffff9b9,1,0,3a,0,24c,68,0,0,0,0,0,0,0,0,0,8,0,0,0,0,1,0,0,4e00,0,0,0,0,24,
06002467,0,0,fffff9b9,1,0,3a,0,24c,68,0,0,0,0,0,0,0,0,0,8,0,0,0,0,1,0,0,4e60,0,0,0,0,24,
060d0d13,0,0,fffff9b9,1,0,3a,0,24c,68,0,0,0,0,0,0,0,0,0,8,0,0,0,0,1,0,0,4e60,0,0,0,0,24,
06002467,0,0,fffff9b9,1,0,3a,0,24c,68,0,0,0,0,0,0,0,0,0,8,0,0,0,0,1,0,0,4ec0,0,0,0,0,24,
060d0d13,0,0,fffff9b9,1,0,3a,0,24c,68,0,0,0,0,0,0,0,0,0,8,0,0,0,0,1,0,0,4ec0,0,0,0,0,24,
06002467,0,0,fffff9b9,1,0,3a,0,24c,68,0,0,0,0,0,0,0,0,0,8,0,0,0,0,1,0,0,4f20,0,0,0,0,24,
060d0d13,0,0,fffff9b9,1,0,3a,0,24c,68,0,0,0,0,0,0,0,0,0,8,0,0,0,0,1,0,0,4f20,0,0,0,0,24,
06002467,0,0,fffff9b9,1,0,3a,0,24c,68,0,0,0,0,0,0,0,0,0,8,0,0,0,0,1,0,0,4f80,0,0,0,0,24,
060d0d13,0,0,fffff9b9,1,0,3a,0,24c,68,0,0,0,0,0,0,0,0,0,8,0,0,0,0,1,0,0,4f80,0,0,0,0,24,
06002467,0,0,fffff9b9,1,0,3a,0,24c,68,0,0,0,0,0,0,0,0,0,8,0,0,0,0,1,0,0,4fe0,0,0,0,0,24,
060d0d13,0,0,fffff9b9,1,0,3a,0,24c,68,0,0,0,0,0,0,0,0,0,8,0,0,0,0,1,0,0,4fe0,0,0,0,0,24,
06002467,0,0,fffff9b9,1,0,3a,0,24c,68,0,0,0,0,0,0,0,0,0,8,0,0,0,0,1,0,0,5040,0,0,0,0,24,
060d0d13,0,0,fffff9b9,1,0,3a,0,24c,68,0,0,0,0,0,0,0,0,0,8,0,0,0,0,1,0,0,5040,0,0,0,0,24,
06002467,0,0,fffff9b9,1,0,3a,0,24c,68,0,0,0,0,0,0,0,0,0,8,0,0,0,0,1,0,0,50a0,0,0,0,0,24,
060d0d13,0,0,fffff9b9,1,0,3a,0,24c,68,0,0,0,0,0,0,0,0,0,8,0,0,0,0,1,0,0,50a0,0,0,0,0,24,
06002467,0,0,fffff9b9,1,0,3a,0,24c,68,0,0,0,0,0,0,0,0,0,8,0,0,0,0,1,0,0,5100,0,0,0,0,24,
060d0d13,0,0,fffff9b9,1,0,3a,0,24c,68,0,0,0,0,0,0,0,0,0,8,0,0,0,0,1,0,0,5100,0,0,0,0,24,
06002467,0,0,fffff9b9,1,0,3a,0,24c,68,0,0,0,0,0,0,0,0,0,8,0,0,0,0,1,0,0,5160,0,0,0,0,24,
060d0d13,0,0,fffff9b9,1,0,3a,0,24c,68,0,0,0,0,0,0,0,0,0,8,0,0,0,0,1,0,0,5160,0,0,0,0,24,
06002467,0,0,fffff9b9,1,0,3a,0,24c,68,0,0,0,0,0,0,0,0,0,8,0,0,0,0,1,0,0,51c0,0,0,0,0,24,
060d0d13,0,0,fffff9b9,1,0,3a,0,24c,68,0,0,0,0,0,0,0,0,0,8,0,0,0,0,1,0,0,51c0,0,0,0,0,24,
06002467,0,0,fffff9b9,1,0,3a,0,24c,68,0,0,0,0,0,0,0,0,0,8,0,0,0,0,1,0,0,5220,0,0,0,0,24,
060d0d13,0,0,fffff9b9,1,0,3a,0,24c,68,0,0,0,0,0,0,0,0,0,8,0,0,0,0,1,0,0,5220,0,0,0,0,24,
06002467,0,0,fffff9b9,1,0,3a,0,24c,68,0,0,0,0,0,0,0,0,0,8,0,0,0,0,1,0,0,5280,0,0,0,0,24,
060d0d13,0,0,fffff9b9,1,0,3a,0,24c,68,0,0,0,0,0,0,0,0,0,8,0,0,0,0,1,0,0,5280,0,0,0,0,24,
06002467,0,0,fffff9b9,1,0,3a,0,24c,68,0,0,0,0,0,0,0,0,0,8,0,0,0,0,1,0,0,52e0,0,0,0,0,24,
060d0d13,0,0,fffff9b9,1,0,3a,0,24c,68,0,0,0,0,0,0,0,0,0,8,0,0,0,0,1,0,0,52e0,0,0,0,0,24,
06002467,0,0,fffff9b9,1,0,3a,0,24c,68,0,0,0,0,0,0,0,0,0,8,0,0,0,0,1,0,0,5340,0,0,0,0,24,
060d0d13,0,0,fffff9b9,1,0,3a,0,24c,68,0,0,0,0,0,0,0,0,0,8,0,0,0,0,1,0,0,5340,0,0,0,0,24,
06002467,0,0,fffff9b9,1,0,3a,0,24c,68,0,0,0,0,0,0,0,0,0,8,0,0,0,0,1,0,0,53a0,0,0,0,0,24,
060d0d13,0,0,fffff9b9,1,0,3a,0,24c,68,0,0,0,0,0,0,0,0,0,8,0,0,0,0,1,0,0,53a0,0,0,0,0,24,
06002467,0,0,fffff9b9,1,0,3a,0,24c,68,0,0,0,0,0,0,0,0,0,8,0,0,0,0,1,0,0,5400,0,0,0,0,24,
060d0d13,0,0,fffff9b9,1,0,3a,0,24c,68,0,0,0,0,0,0,0,0,0,8,0,0,0,0,1,0,0,5400,0,0,0,0,24,
06002467,0,0,fffff9b9,1,0,3a,0,24c,68,0,0,0,0,0,0,0,0,0,8,0,0,0,0,1,0,0,5460,0,0,0,0,24,
060d0d13,0,0,fffff9b9,1,0,3a,0,24c,68,0,0,0,0,0,0,0,0,0,8,0,0,0,0,1,0,0,5460,0,0,0,0,24,
06002467,0,0,fffff9b9,1,0,3a,0,24c,68,0,0,0,0,0,0,0,0,0,8,0,0,0,0,1,0,0,54c0,0,0,0,0,24,
060d0d13,0,0,fffff9b9,1,0,3a,0,24c,68,0,0,0,0,0,0,0,0,0,8,0,0,0,0,1,0,0,54c0,0,0,0,0,24,
06002467,0,0,fffff9b9,1,0,3a,0,24c,68,0,0,0,0,0,0,0,0,0,8,0,0,0,0,1,0,0,5520,0,0,0,0,24,
060d0d13,0,0,fffff9b9,1,0,3a,0,24c,68,0,0,0,0,0,0,0,0,0,8,0,0,0,0,1,0,0,5520,0,0,0,0,24,
06002467,0,0,fffff9b9,1,0,3a,0,24c,68,0,0,0,0,0,0,0,0,0,8,0,0,0,0,1,0,0,5580,0,0,0,0,24,
060d0d13,0,0,fffff9b9,1,0,3a,0,24c,68,0,0,0,0,0,0,0,0,0,8,0,0,0,0,1,0,0,5580,0,0,0,0,24,
06002467,0,0,fffff9b9,1,0,3a,0,24c,68,0,0,0,0,0,0,0,0,0,8,0,0,0,0,1,0,0,55e0,0,0,0,0,24,
060d0d13,0,0,fffff9b9,1,0,3a,0,24c,68,0,0,0,0,0,0,0,0,0,8,0,0,0,0,1,0,0,55e0,0,0,0,0,24,
06002467,0,0,fffff9b9,1,0,3a,0,24c,68,0,0,0,0,0,0,0,0,0,8,0,0,0,0,1,0,0,5640,0,0,0,0,24,
060d0d13,0,0,fffff9b9,1,0,3a,0,24c,68,0,0,0,0,0,0,0,0,0,8,0,0,0,0,1,0,0,5640,0,0,0,0,24,
06002467,0,0,fffff9b9,1,0,3a,0,24c,68,0,0,0,0,0,0,0,0,0,8,0,0,0,0,1,0,0,56a0,0,0,0,0,24,
060d0d13,0,0,fffff9b9,1,0,3a,0,24c,68,0,0,0,0,0,0,0,0,0,8,0,0,0,0,1,0,0,56a0,0,0,0,0,24,
06002467,0,0,fffff9b9,1,0,3a,0,24c,68,0,0,0,0,0,0,0,0,0,8,0,0,0,0,1,0,0,5700,0,0,0,0,24,
060d0d13,0,0,fffff9b9,1,0,3a,0,24c,68,0,0,0,0,0,0,0,0,0,8,0,0,0,0,1,0,0,5700,0,0,0,0,24,
06002467,0,0,fffff9b9,1,0,3a,0,24c,68,0,0,0,0,0,0,0,0,0,8,0,0,0,0,1,0,0,5760,0,0,0,0,24,
060d0d13,0,0,fffff9b9,1,0,3a,0,24c,68,0,0,0,0,0,0,0,0,0,8,0,0,0,0,1,0,0,5760,0,0,0,0,24,
06002467,0,0,fffff9b9,1,0,3a,0,24c,68,0,0,0,0,0,0,0,0,0,8,0,0,0,0,1,0,0,57c0,0,0,0,0,24,
060d0d13,0,0,fffff9b9,1,0,3a,0,24c,68,0,0,0,0,0,0,0,0,0,8,0,0,0,0,1,0,0,57c0,0,0,0,0,24,
06002467,0,0,fffff9b9,1,0,3a,0,24c,68,0,0,0,0,0,0,0,0,0,8,0,0,0,0,1,0,0,5820,0,0,0,0,24,
060d0d13,0,0,fffff9b9,1,0,3a,0,24c,68,0,0,0,0,0,0,0,0,0,8,0,0,0,0,1,0,0,5820,0,0,0,0,24,
06002467,0,0,fffff9b9,1,0,3a,0,24c,68,0,0,0,0,0,0,0,0,0,8,0,0,0,0,1,0,0,5880,0,0,0,0,24,
060d0d13,0,0,fffff9b9,1,0,3a,0,24c,68,0,0,0,0,0,0,0,0,0,8,0,0,0,0,1,0,0,5880,0,0,0,0,24,
06002467,0,0,fffff9b9,1,0,3a,0,24c,68,0,0,0,0,0,0,0,0,0,8,0,0,0,0,1,0,0,58e0,0,0,0,0,24,
060d0d13,0,0,fffff9b9,1,0,3a,0,24c,68,0,0,0,0,0,0,0,0,0,8,0,0,0,0,1,0,0,58e0,0,0,0,0,24,
06002467,0,0,fffff9b9,1,0,3a,0,24c,68,0,0,0,0,0,0,0,0,0,8,0,0,0,0,1,0,0,5940,0,0,0,0,24,
060d0d13,0,0,fffff9b9,1,0,3a,0,24c,68,0,0,0,0,0,0,0,0,0,8,0,0,0,0,1,0,0,5940,0,0,0,0,24,
06002467,0,0,fffff9b9,1,0,3a,0,24c,68,0,0,0,0,0,0,0,0,0,8,0,0,0,0,1,0,0,59a0,0,0,0,0,24,
060d0d13,0,0,fffff9b9,1,0,3a,0,24c,68,0,0,0,0,0,0,0,0,0,8,0,0,0,0,1,0,0,59a0,0,0,0,0,24,
06002467,0,0,fffff9b9,1,0,3a,0,24c,68,0,0,0,0,0,0,0,0,0,8,0,0,0,0,1,0,0,5a00,0,0,0,0,24,
060d0d13,0,0,fffff9b9,1,0,3a,0,24c,68,0,0,0,0,0,0,0,0,0,8,0,0,0,0,1,0,0,5a00,0,0,0,0,24,
06002467,0,0,fffff9b9,1,0,3a,0,24c,68,0,0,0,0,0,0,0,0,0,8,0,0,0,0,1,0,0,5a60,0,0,0,0,24,
060d0d13,0,0,fffff9b9,1,0,3a,0,24c,68,0,0,0,0,0,0,0,0,0,8,0,0,0,0,1,0,0,5a60,0,0,0,0,24,
06002467,0,0,fffff9b9,1,0,3a,0,24c,68,0,0,0,0,0,0,0,0,0,8,0,0,0,0,1,0,0,5ac0,0,0,0,0,24,
060d0d13,0,0,fffff9b9,1,0,3a,0,24c,68,0,0,0,0,0,0,0,0,0,8,0,0,0,0,1,0,0,5ac0,0,0,0,0,24,
06002467,0,0,fffff9b9,1,0,3a,0,24c,68,0,0,0,0,0,0,0,0,0,8,0,0,0,0,1,0,0,5b20,0,0,0,0,24,
060d0d13,0,0,fffff9b9,1,0,3a,0,24c,68,0,0,0,0,0,0,0,0,0,8,0,0,0,0,1,0,0,5b20,0,0,0,0,24,
06002467,0,0,fffff9b9,1,0,3a,0,24c,68,0,0,0,0,0,0,0,0,0,8,0,0,0,0,1,0,0,5b80,0,0,0,0,24,
060d0d13,0,0,fffff9b9,1,0,3a,0,24c,68,0,0,0,0,0,0,0,0,0,8,0,0,0,0,1,0,0,5b80,0,0,0,0,24,
06002467,0,0,fffff9b9,1,0,3a,0,24c,68,0,0,0,0,0,0,0,0,0,8,0,0,0,0,1,0,0,5be0,0,0,0,0,24,
060d0d13,0,0,fffff9b9,1,0,3a,0,24c,68,0,0,0,0,0,0,0,0,0,8,0,0,0,0,1,0,0,5be0,0,0,0,0,24,
06002467,0,0,fffff9b9,1,0,3a,0,24c,68,0,0,0,0,0,0,0,0,0,8,0,0,0,0,1,0,0,5c40,0,0,0,0,24,
060d0d13,0,0,fffff9b9,1,0,3a,0,24c,68,0,0,0,0,0,0,0,0,0,8,0,0,0,0,1,0,0,5c40,0,0,0,0,24,
06002467,0,0,fffff9b9,1,0,3a,0,24c,68,0,0,0,0,0,0,0,0,0,8,0,0,0,0,1,0,0,5ca0,0,0,0,0,24,
060d0d13,0,0,fffff9b9,1,0,3a,0,24c,68,0,0,0,0,0,0,0,0,0,8,0,0,0,0,1,0,0,5ca0,0,0,0,0,24,
06002467,0,0,fffff9b9,1,0,3a,0,24c,68,0,0,0,0,0,0,0,0,0,8,0,0,0,0,1,0,0,5d00,0,0,0,0,24,
060d0d13,0,0,fffff9b9,1,0,3a,0,24c,68,0,0,0,0,0,0,0,0,0,8,0,0,0,0,1,0,0,5d00,0,0,0,0,24,
06002467,0,0,fffff9b9,1,0,3a,0,24c,68,0,0,0,0,0,0,0,0,0,8,0,0,0,0,1,0,0,5d60,0,0,0,0,24,
060d0d13,0,0,fffff9b9,1,0,3a,0,24c,68,0,0,0,0,0,0,0,0,0,8,0,0,0,0,1,0,0,5d60,0,0,0,0,24,
06002467,0,0,fffff9b9,1,0,3a,0,24c,68,0,0,0,0,0,0,0,0,0,8,0,0,0,0,1,0,0,5dc0,0,0,0,0,24,
060d0d13,0,0,fffff9b9,1,0,3a,0,24c,68,0,0,0,0,0,0,0,0,0,8,0,0,0,0,1,0,0,5dc0,0,0,0,0,24,
06002467,0,0,fffff9b9,1,0,3a,0,24c,68,0,0,0,0,0,0,0,0,0,8,0,0,0,0,1,0,0,5e20,0,0,0,0,24,
060d0d13,0,0,fffff9b9,1,0,3a,0,24c,68,0,0,0,0,0,0,0,0,0,8,0,0,0,0,1,0,0,5e20,0,0,0,0,24,
06002467,0,0,fffff9b9,1,0,3a,0,24c,68,0,0,0,0,0,0,0,0,0,8,0,0,0,0,1,0,0,5e80,0,0,0,0,24,
060d0d13,0,0,fffff9b9,1,0,3a,0,24c,68,0,0,0,0,0,0,0,0,0,8,0,0,0,0,1,0,0,5e80,0,0,0,0,24,
06002467,0,0,fffff9b9,1,0,3a,0,24c,68,0,0,0,0,0,0,0,0,0,8,0,0,0,0,1,0,0,5ee0,0,0,0,0,24,
060d0d13,0,0,fffff9b9,1,0,3a,0,24c,68,0,0,0,0,0,0,0,0,0,8,0,0,0,0,1,0,0,5ee0,0,0,0,0,24,
06002467,0,0,fffff9b9,1,0,3a,0,24c,68,0,0,0,0,0,0,0,0,0,8,0,0,0,0,1,0,0,5f40,0,0,0,0,24,
060d0d13,0,0,fffff9b9,1,0,3a,0,24c,68,0,0,0,0,0,0,0,0,0,8,0,0,0,0,1,0,0,5f40,0,0,0,0,24,
06002467,0,0,fffff9b9,1,0,3a,0,24c,68,0,0,0,0,0,0,0,0,0,8,0,0,0,0,1,0,0,5fa0,0,0,0,0,24,
060d0d13,0,0,fffff9b9,1,0,3a,0,24c,68,0,0,0,0,0,0,0,0,0,8,0,0,0,0,1,0,0,5fa0,0,0,0,0,24,
06002467,0,0,fffff9b9,1,0,3a,0,24c,68,0,0,0,0,0,0,0,0,0,8,0,0,0,0,1,0,0,6000,0,0,0,0,24,
060d0d13,0,0,fffff9b9,1,0,3a,0,24c,68,0,0,0,0,0,0,0,0,0,8,0,0,0,0,1,0,0,6000,0,0,0,0,24,
06002467,0,0,fffff9b9,1,0,3a,0,24c,68,0,0,0,0,0,0,0,0,0,8,0,0,0,0,1,0,0,6060,0,0,0,0,24,
060d0d13,0,0,fffff9b9,1,0,3a,0,24c,68,0,0,0,0,0,0,0,0,0,8,0,0,0,0,1,0,0,6060,0,0,0,0,24,
06002467,0,0,fffff9b9,1,0,3a,0,24c,68,0,0,0,0,0,0,0,0,0,8,0,0,0,0,1,0,0,60c0,0,0,0,0,24,
060d0d13,0,0,fffff9b9,1,0,3a,0,24c,68,0,0,0,0,0,0,0,0,0,8,0,0,0,0,1,0,0,60c0,0,0,0,0,24,
06002467,0,0,fffff9b9,1,0,3a,0,24c,68,0,0,0,0,0,0,0,0,0,8,0,0,0,0,1,0,0,6120,0,0,0,0,24,
060d0d13,0,0,fffff9b9,1,0,3a,0,24c,68,0,0,0,0,0,0,0,0,0,8,0,0,0,0,1,0,0,6120,0,0,0,0,24,
06002467,0,0,fffff9b9,1,0,3a,0,24c,68,0,0,0,0,0,0,0,0,0,8,0,0,0,0,1,0,0,6180,0,0,0,0,24,
060d0d13,0,0,fffff9b9,1,0,3a,0,24c,68,0,0,0,0,0,0,0,0,0,8,0,0,0,0,1,0,0,6180,0,0,0,0,24,
06002467,0,0,fffff9b9,1,0,3a,0,24c,68,0,0,0,0,0,0,0,0,0,8,0,0,0,0,1,0,0,61e0,0,0,0,0,24,
060d0d13,0,0,fffff9b9,1,0,3a,0,24c,68,0,0,0,0,0,0,0,0,0,8,0,0,0,0,1,0,0,61e0,0,0,0,0,24,
06002467,0,0,fffff9b9,1,0,3a,0,24c,68,0,0,0,0,0,0,0,0,0,8,0,0,0,0,1,0,0,6240,0,0,0,0,24,
060d0d13,0,0,fffff9b9,1,0,3a,0,24c,68,0,0,0,0,0,0,0,0,0,8,0,0,0,0,1,0,0,6240,0,0,0,0,24,
06002467,0,0,fffff9b9,1,0,3a,0,24c,68,0,0,0,0,0,0,0,0,0,8,0,0,0,0,1,0,0,62a0,0,0,0,0,24,
060d0d13,0,0,fffff9b9,1,0,3a,0,24c,68,0,0,0,0,0,0,0,0,0,8,0,0,0,0,1,0,0,62a0,0,0,0,0,24,
06002467,0,0,fffff9b9,1,0,3a,0,24c,68,0,0,0,0,0,0,0,0,0,8,0,0,0,0,1,0,0,6300,0,0,0,0,24,
060d0d13,0,0,fffff9b9,1,0,3a,0,24c,68,0,0,0,0,0,0,0,0,0,8,0,0,0,0,1,0,0,6300,0,0,0,0,24,
06002467,0,0,fffff9b9,1,0,3a,0,24c,68,0,0,0,0,0,0,0,0,0,8,0,0,0,0,1,0,0,6360,0,0,0,0,24,
060d0d13,0,0,fffff9b9,1,0,3a,0,24c,68,0,0,0,0,0,0,0,0,0,8,0,0,0,0,1,0,0,6360,0,0,0,0,24,
06002467,0,0,fffff9b9,1,0,3a,0,24c,68,0,0,0,0,0,0,0,0,0,8,0,0,0,0,1,0,0,63c0,0,0,0,0,24,
060d0d13,0,0,fffff9b9,1,0,3a,0,24c,68,0,0,0,0,0,0,0,0,0,8,0,0,0,0,1,0,0,63c0,0,0,0,0,24,
06002467,0,0,fffff9b9,1,0,3a,0,24c,68,0,0,0,0,0,0,0,0,0,8,0,0,0,0,1,0,0,6420,0,0,0,0,24,
060d0d13,0,0,fffff9b9,1,0,3a,0,24c,68,0,0,0,0,0,0,0,0,0,8,0,0,0,0,1,0,0,6420,0,0,0,0,24,
06002467,0,0,fffff9b9,1,0,3a,0,24c,68,0,0,0,0,0,0,0,0,0,8,0,0,0,0,1,0,0,6480,0,0,0,0,24,
060d0d13,0,0,fffff9b9,1,0,3a,0,24c,68,0,0,0,0,0,0,0,0,0,8,0,0,0,0,1,0,0,6480,0,0,0,0,24,
06002467,0,0,fffff9b9,1,0,3a,0,24c,68,0,0,0,0,0,0,0,0,0,8,0,0,0,0,1,0,0,64e0,0,0,0,0,24,
060d0d13,0,0,fffff9b9,1,0,3a,0,24c,68,0,0,0,0,0,0,0,0,0,8,0,0,0,0,1,0,0,64e0,0,0,0,0,24,
06002467,0,0,fffff9b9,1,0,3a,0,24c,68,0,0,0,0,0,0,0,0,0,8,0,0,0,0,1,0,0,6540,0,0,0,0,24,
060d0d13,0,0,fffff9b9,1,0,3a,0,24c,68,0,0,0,0,0,0,0,0,0,8,0,0,0,0,1,0,0,6540,0,0,0,0,24,
06002467,0,0,fffff9b9,1,0,3a,0,24c,68,0,0,0,0,0,0,0,0,0,8,0,0,0,0,1,0,0,65a0,0,0,0,0,24,
060d0d13,0,0,fffff9b9,1,0,3a,0,24c,68,0,0,0,0,0,0,0,0,0,8,0,0,0,0,1,0,0,65a0,0,0,0,0,24,
06002467,0,0,fffff9b9,1,0,3a,0,24c,68,0,0,0,0,0,0,0,0,0,8,0,0,0,0,1,0,0,6600,0,0,0,0,24,
060d0d13,0,0,fffff9b9,1,0,3a,0,24c,68,0,0,0,0,0,0,0,0,0,8,0,0,0,0,1,0,0,6600,0,0,0,0,24,
06002467,0,0,fffff9b9,1,0,3a,0,24c,68,0,0,0,0,0,0,0,0,0,8,0,0,0,0,1,0,0,6660,0,0,0,0,24,
060d0d13,0,0,fffff9b9,1,0,3a,0,24c,68,0,0,0,0,0,0,0,0,0,8,0,0,0,0,1,0,0,6660,0,0,0,0,24,
06002467,0,0,fffff9b9,1,0,3a,0,24c,68,0,0,0,0,0,0,0,0,0,8,0,0,0,0,1,0,0,66c0,0,0,0,0,24,
060d0d13,0,0,fffff9b9,1,0,3a,0,24c,68,0,0,0,0,0,0,0,0,0,8,0,0,0,0,1,0,0,66c0,0,0,0,0,24,
06002467,0,0,fffff9b9,1,0,3a,0,24c,68,0,0,0,0,0,0,0,0,0,8,0,0,0,0,1,0,0,6720,0,0,0,0,24,
060d0d13,0,0,fffff9b9,1,0,3a,0,24c,68,0,0,0,0,0,0,0,0,0,8,0,0,0,0,1,0,0,6720,0,0,0,0,24,
06002467,0,0,fffff9b9,1,0,3a,0,24c,68,0,0,0,0,0,0,0,0,0,8,0,0,0,0,1,0,0,6780,0,0,0,0,24,
060d0d13,0,0,fffff9b9,1,0,3a,0,24c,68,0,0,0,0,0,0,0,0,0,8,0,0,0,0,1,0,0,6780,0,0,0,0,24,
06002467,0,0,fffff9b9,1,0,3a,0,24c,68,0,0,0,0,0,0,0,0,0,8,0,0,0,0,1,0,0,67e0,0,0,0,0,24,
060d0d13,0,0,fffff9b9,1,0,3a,0,24c,68,0,0,0,0,0,0,0,0,0,8,0,0,0,0,1,0,0,67e0,0,0,0,0,24,
06002467,0,0,fffff9b9,1,0,3a,0,24c,68,0,0,0,0,0,0,0,0,0,8,0,0,0,0,1,0,0,6840,0,0,0,0,24,
060d0d13,0,0,fffff9b9,1,0,3a,0,24c,68,0,0,0,0,0,0,0,0,0,8,0,0,0,0,1,0,0,6840,0,0,0,0,24,
06002467,0,0,fffff9b9,1,0,3a,0,24c,68,0,0,0,0,0,0,0,0,0,8,0,0,0,0,1,0,0,68a0,0,0,0,0,24,
060d0d13,0,0,fffff9b9,1,0,3a,0,24c,68,0,0,0,0,0,0,0,0,0,8,0,0,0,0,1,0,0,68a0,0,0,0,0,24,
06002467,0,0,fffff9b9,1,0,3a,0,24c,68,0,0,0,0,0,0,0,0,0,8,0,0,0,0,1,0,0,6900,0,0,0,0,24,
060d0d13,0,0,fffff9b9,1,0,3a,0,24c,68,0,0,0,0,0,0,0,0,0,8,0,0,0,0,1,0,0,6900,0,0,0,0,24,
06002467,0,0,fffff9b9,1,0,3a,0,24c,68,0,0,0,0,0,0,0,0,0,8,0,0,0,0,1,0,0,6960,0,0,0,0,24,
060d0d13,0,0,fffff9b9,1,0,3a,0,24c,68,0,0,0,0,0,0,0,0,0,8,0,0,0,0,1,0,0,6960,0,0,0,0,24,
06002467,0,0,fffff9b9,1,0,3a,0,24c,68,0,0,0,0,0,0,0,0,0,8,0,0,0,0,1,0,0,69c0,0,0,0,0,24,
060d0d13,0,0,fffff9b9,1,0,3a,0,24c,68,0,0,0,0,0,0,0,0,0,8,0,0,0,0,1,0,0,69c0,0,0,0,0,24,
06002467,0,0,fffff9b9,1,0,3a,0,24c,68,0,0,0,0,0,0,0,0,0,8,0,0,0,0,1,0,0,6a20,0,0,0,0,24,
060d0d13,0,0,fffff9b9,1,0,3a,0,24c,68,0,0,0,0,0,0,0,0,0,8,0,0,0,0,1,0,0,6a20,0,0,0,0,24,
06002467,0,0,fffff9b9,1,0,3a,0,24c,68,0,0,0,0,0,0,0,0,0,8,0,0,0,0,1,0,0,6a80,0,0,0,0,24,
060d0d13,0,0,fffff9b9,1,0,3a,0,24c,68,0,0,0,0,0,0,0,0,0,8,0,0,0,0,1,0,0,6a80,0,0,0,0,24,
06002467,0,0,fffff9b9,1,0,3a,0,24c,68,0,0,0,0,0,0,0,0,0,8,0,0,0,0,1,0,0,6ae0,0,0,0,0,24,
060d0d13,0,0,fffff9b9,1,0,3a,0,24c,68,0,0,0,0,0,0,0,0,0,8,0,0,0,0,1,0,0,6ae0,0,0,0,0,24,
06002467,0,0,fffff9b9,1,0,3a,0,24c,68,0,0,0,0,0,0,0,0,0,8,0,0,0,0,1,0,0,6b40,0,0,0,0,24,
060d0d13,0,0,fffff9b9,1,0,3a,0,24c,68,0,0,0,0,0,0,0,0,0,8,0,0,0,0,1,0,0,6b40,0,0,0,0,24,
06002467,0,0,fffff9b9,1,0,3a,0,24c,68,0,0,0,0,0,0,0,0,0,8,0,0,0,0,1,0,0,6ba0,0,0,0,0,24,
060d0d13,0,0,fffff9b9,1,0,3a,0,24c,68,0,0,0,0,0,0,0,0,0,8,0,0,0,0,1,0,0,6ba0,0,0,0,0,24,
06002467,0,0,fffff9b9,1,0,3a,0,24c,68,0,0,0,0,0,0,0,0,0,8,0,0,0,0,1,0,0,6c00,0,0,0,0,24,
060d0d13,0,0,fffff9b9,1,0,3a,0,24c,68,0,0,0,0,0,0,0,0,0,8,0,0,0,0,1,0,0,6c00,0,0,0,0,24,
06002467,0,0,fffff9b9,1,0,3a,0,24c,68,0,0,0,0,0,0,0,0,0,8,0,0,0,0,1,0,0,6c60,0,0,0,0,24,
060d0d13,0,0,fffff9b9,1,0,3a,0,24c,68,0,0,0,0,0,0,0,0,0,8,0,0,0,0,1,0,0,6c60,0,0,0,0,24,
06002467,0,0,fffff9b9,1,0,3a,0,24c,68,0,0,0,0,0,0,0,0,0,8,0,0,0,0,1,0,0,6cc0,0,0,0,0,24,
060d0d13,0,0,fffff9b9,1,0,3a,0,24c,68,0,0,0,0,0,0,0,0,0,8,0,0,0,0,1,0,0,6cc0,0,0,0,0,24,
06002467,0,0,fffff9b9,1,0,3a,0,24c,68,0,0,0,0,0,0,0,0,0,8,0,0,0,0,1,0,0,6d20,0,0,0,0,24,
060d0d13,0,0,fffff9b9,1,0,3a,0,24c,68,0,0,0,0,0,0,0,0,0,8,0,0,0,0,1,0,0,6d20,0,0,0,0,24,
06002467,0,0,fffff9b9,1,0,3a,0,24c,68,0,0,0,0,0,0,0,0,0,8,0,0,0,0,1,0,0,6d80,0,0,0,0,24,
060d0d13,0,0,fffff9b9,1,0,3a,0,24c,68,0,0,0,0,0,0,0,0,0,8,0,0,0,0,1,0,0,6d80,0,0,0,0,24,
06002467,0,0,fffff9b9,1,0,3a,0,24c,68,0,0,0,0,0,0,0,0,0,8,0,0,0,0,1,0,0,6de0,0,0,0,0,24,
060d0d13,0,0,fffff9b9,1,0,3a,0,24c,68,0,0,0,0,0,0,0,0,0,8,0,0,0,0,1,0,0,6de0,0,0,0,0,24,
06002467,0,0,fffff9b9,1,0,3a,0,24c,68,0,0,0,0,0,0,0,0,0,8,0,0,0,0,1,0,0,6e40,0,0,0,0,24,
060d0d13,0,0,fffff9b9,1,0,3a,0,24c,68,0,0,0,0,0,0,0,0,0,8,0,0,0,0,1,0,0,6e40,0,0,0,0,24,
06002467,0,0,fffff9b9,1,0,3a,0,24c,68,0,0,0,0,0,0,0,0,0,8,0,0,0,0,1,0,0,6ea0,0,0,0,0,24,
060d0d13,0,0,fffff9b9,1,0,3a,0,24c,68,0,0,0,0,0,0,0,0,0,8,0,0,0,0,1,0,0,6ea0,0,0,0,0,24,
06002467,0,0,fffff9b9,1,0,3a,0,24c,68,0,0,0,0,0,0,0,0,0,8,0,0,0,0,1,0,0,6f00,0,0,0,0,24,
060d0d13,0,0,fffff9b9,1,0,3a,0,24c,68,0,0,0,0,0,0,0,0,0,8,0,0,0,0,1,0,0,6f00,0,0,0,0,24,
06002467,0,0,fffff9b9,1,0,3a,0,24c,68,0,0,0,0,0,0,0,0,0,8,0,0,0,0,1,0,0,6f60,0,0,0,0,24,
060d0d13,0,0,fffff9b9,1,0,3a,0,24c,68,0,0,0,0,0,0,0,0,0,8,0,0,0,0,1,0,0,6f60,0,0,0,0,24,
06002467,0,0,fffff9b9,1,0,3a,0,24c,68,0,0,0,0,0,0,0,0,0,8,0,0,0,0,1,0,0,6fc0,0,0,0,0,24,
060d0d13,0,0,fffff9b9,1,0,3a,0,24c,68,0,0,0,0,0,0,0,0,0,8,0,0,0,0,1,0,0,6fc0,0,0,0,0,24,
06002467,0,0,fffff9b9,1,0,3a,0,24c,68,0,0,0,0,0,0,0,0,0,8,0,0,0,0,1,0,0,7020,0,0,0,0,24,
060d0d13,0,0,fffff9b9,1,0,3a,0,24c,68,0,0,0,0,0,0,0,0,0,8,0,0,0,0,1,0,0,7020,0,0,0,0,24,
06002467,0,0,fffff9b9,1,0,3a,0,24c,68,0,0,0,0,0,0,0,0,0,8,0,0,0,0,1,0,0,7080,0,0,0,0,24,
060d0d13,0,0,fffff9b9,1,0,3a,0,24c,68,0,0,0,0,0,0,0,0,0,8,0,0,0,0,1,0,0,7080,0,0,0,0,24,
06002467,0,0,fffff9b9,1,0,3a,0,24c,68,0,0,0,0,0,0,0,0,0,8,0,0,0,0,1,0,0,70e0,0,0,0,0,24,
060d0d13,0,0,fffff9b9,1,0,3a,0,24c,68,0,0,0,0,0,0,0,0,0,8,0,0,0,0,1,0,0,70e0,0,0,0,0,24,
06002467,0,0,fffff9b9,1,0,3a,0,24c,68,0,0,0,0,0,0,0,0,0,8,0,0,0,0,1,0,0,7140,0,0,0,0,24,
060d0d13,0,0,fffff9b9,1,0,3a,0,24c,68,0,0,0,0,0,0,0,0,0,8,0,0,0,0,1,0,0,7140,0,0,0,0,24,
06002467,0,0,fffff9b9,1,0,3a,0,24c,68,0,0,0,0,0,0,0,0,0,8,0,0,0,0,1,0,0,71a0,0,0,0,0,24,
060d0d13,0,0,fffff9b9,1,0,3a,0,24c,68,0,0,0,0,0,0,0,0,0,8,0,0,0,0,1,0,0,71a0,0,0,0,0,24,
06002467,0,0,fffff9b9,1,0,3a,0,24c,68,0,0,0,0,0,0,0,0,0,8,0,0,0,0,1,0,0,7200,0,0,0,0,24,
060d0d13,0,0,fffff9b9,1,0,3a,0,24c,68,0,0,0,0,0,0,0,0,0,8,0,0,0,0,1,0,0,7200,0,0,0,0,24,
06002467,0,0,fffff9b9,1,0,3a,0,24c,68,0,0,0,0,0,0,0,0,0,8,0,0,0,0,1,0,0,7260,0,0,0,0,24,
060d0d13,0,0,fffff9b9,1,0,3a,0,24c,68,0,0,0,0,0,0,0,0,0,8,0,0,0,0,1,0,0,7260,0,0,0,0,24,
06002467,0,0,fffff9b9,1,0,3a,0,24c,68,0,0,0,0,0,0,0,0,0,8,0,0,0,0,1,0,0,72c0,0,0,0,0,24,
060d0d13,0,0,fffff9b9,1,0,3a,0,24c,68,0,0,0,0,0,0,0,0,0,8,0,0,0,0,1,0,0,72c0,0,0,0,0,24,
06002467,0,0,fffff9b9,1,0,3a,0,24c,68,0,0,0,0,0,0,0,0,0,8,0,0,0,0,1,0,0,7320,0,0,0,0,24,
060d0d13,0,0,fffff9b9,1,0,3a,0,24c,68,0,0,0,0,0,0,0,0,0,8,0,0,0,0,1,0,0,7320,0,0,0,0,24,
06002467,0,0,fffff9b9,1,0,3a,0,24c,68,0,0,0,0,0,0,0,0,0,8,0,0,0,0,1,0,0,7380,0,0,0,0,24,
060d0d13,0,0,fffff9b9,1,0,3a,0,24c,68,0,0,0,0,0,0,0,0,0,8,0,0,0,0,1,0,0,7380,0,0,0,0,24,
06002467,0,0,fffff9b9,1,0,3a,0,24c,68,0,0,0,0,0,0,0,0,0,8,0,0,0,0,1,0,0,73e0,0,0,0,0,24,
060d0d13,0,0,fffff9b9,1,0,3a,0,24c,68,0,0,0,0,0,0,0,0,0,8,0,0,0,0,1,0,0,73e0,0,0,0,0,24,
06002467,0,0,fffff9b9,1,0,3a,0,24c,68,0,0,0,0,0,0,0,0,0,8,0,0,0,0,1,0,0,7440,0,0,0,0,24,
060d0d13,0,0,fffff9b9,1,0,3a,0,24c,68,0,0,0,0,0,0,0,0,0,8,0,0,0,0,1,0,0,7440,0,0,0,0,24,
06002467,0,0,fffff9b9,1,0,3a,0,24c,68,0,0,0,0,0,0,0,0,0,8,0,0,0,0,1,0,0,74a0,0,0,0,0,24,
060d0d13,0,0,fffff9b9,1,0,3a,0,24c,68,0,0,0,0,0,0,0,0,0,8,0,0,0,0,1,0,0,74a0,0,0,0,0,24,
06002467,0,0,fffff9b9,1,0,3a,0,24c,68,0,0,0,0,0,0,0,0,0,8,0,0,0,0,1,0,0,7500,0,0,0,0,24,
060d0d13,0,0,fffff9b9,1,0,3a,0,24c,68,0,0,0,0,0,0,0,0,0,8,0,0,0,0,1,0,0,7500,0,0,0,0,24,
06002467,0,0,fffff9b9,1,0,3a,0,24c,68,0,0,0,0,0,0,0,0,0,8,0,0,0,0,1,0,0,7560,0,0,0,0,24,
060d0d13,0,0,fffff9b9,1,0,3a,0,24c,68,0,0,0,0,0,0,0,0,0,8,0,0,0,0,1,0,0,7560,0,0,0,0,24,
06002467,0,0,fffff9b9,1,0,3a,0,24c,68,0,0,0,0,0,0,0,0,0,8,0,0,0,0,1,0,0,75c0,0,0,0,0,24,
060d0d13,0,0,fffff9b9,1,0,3a,0,24c,68,0,0,0,0,0,0,0,0,0,8,0,0,0,0,1,0,0,75c0,0,0,0,0,24,
06002467,0,0,fffff9b9,1,0,3a,0,24c,68,0,0,0,0,0,0,0,0,0,8,0,0,0,0,1,0,0,7620,0,0,0,0,24,
060d0d13,0,0,fffff9b9,1,0,3a,0,24c,68,0,0,0,0,0,0,0,0,0,8,0,0,0,0,1,0,0,7620,0,0,0,0,24,
06002467,0,0,fffff9b9,1,0,3a,0,24c,68,0,0,0,0,0,0,0,0,0,8,0,0,0,0,1,0,0,7680,0,0,0,0,24,
060d0d13,0,0,fffff9b9,1,0,3a,0,24c,68,0,0,0,0,0,0,0,0,0,8,0,0,0,0,1,0,0,7680,0,0,0,0,24,
06002467,0,0,fffff9b9,1,0,3a,0,24c,68,0,0,0,0,0,0,0,0,0,8,0,0,0,0,1,0,0,76e0,0,0,0,0,24,
060d0d13,0,0,fffff9b9,1,0,3a,0,24c,68,0,0,0,0,0,0,0,0,0,8,0,0,0,0,1,0,0,76e0,0,0,0,0,24,
06002467,0,0,fffff9b9,1,0,3a,0,24c,68,0,0,0,0,0,0,0,0,0,8,0,0,0,0,1,0,0,7740,0,0,0,0,24,
060d0d13,0,0,fffff9b9,1,0,3a,0,24c,68,0,0,0,0,0,0,0,0,0,8,0,0,0,0,1,0,0,7740,0,0,0,0,24,
06002467,0,0,fffff9b9,1,0,3a,0,24c,68,0,0,0,0,0,0,0,0,0,8,0,0,0,0,1,0,0,77a0,0,0,0,0,24,
060d0d13,0,0,fffff9b9,1,0,3a,0,24c,68,0,0,0,0,0,0,0,0,0,8,0,0,0,0,1,0,0,77a0,0,0,0,0,24,
06002467,0,0,fffff9b9,1,0,3a,0,24c,68,0,0,0,0,0,0,0,0,0,8,0,0,0,0,1,0,0,7800,0,0,0,0,24,
060d0d13,0,0,fffff9b9,1,0,3a,0,24c,68,0,0,0,0,0,0,0,0,0,8,0,0,0,0,1,0,0,7800,0,0,0,0,24,
06002467,0,0,fffff9b9,1,0,3a,0,24c,68,0,0,0,0,0,0,0,0,0,8,0,0,0,0,1,0,0,7860,0,0,0,0,24,
060d0d13,0,0,fffff9b9,1,0,3a,0,24c,68,0,0,0,0,0,0,0,0,0,8,0,0,0,0,1,0,0,7860,0,0,0,0,24,
06002467,0,0,fffff9b9,1,0,3a,0,24c,68,0,0,0,0,0,0,0,0,0,8,0,0,0,0,1,0,0,78c0,0,0,0,0,24,
060d0d13,0,0,fffff9b9,1,0,3a,0,24c,68,0,0,0,0,0,0,0,0,0,8,0,0,0,0,1,0,0,78c0,0,0,0,0,24,
06002467,0,0,fffff9b9,1,0,3a,0,24c,68,0,0,0,0,0,0,0,0,0,8,0,0,0,0,1,0,0,7920,0,0,0,0,24,
060d0d13,0,0,fffff9b9,1,0,3a,0,24c,68,0,0,0,0,0,0,0,0,0,8,0,0,0,0,1,0,0,7920,0,0,0,0,24,
06002467,0,0,fffff9b9,1,0,3a,0,24c,68,0,0,0,0,0,0,0,0,0,8,0,0,0,0,1,0,0,7980,0,0,0,0,24,
060d0d13,0,0,fffff9b9,1,0,3a,0,24c,68,0,0,0,0,0,0,0,0,0,8,0,0,0,0,1,0,0,7980,0,0,0,0,24,
06002467,0,0,fffff9b9,1,0,3a,0,24c,68,0,0,0,0,0,0,0,0,0,8,0,0,0,0,1,0,0,79e0,0,0,0,0,24,
060d0d13,0,0,fffff9b9,1,0,3a,0,24c,68,0,0,0,0,0,0,0,0,0,8,0,0,0,0,1,0,0,79e0,0,0,0,0,24,
06002467,0,0,fffff9b9,1,0,3a,0,24c,68,0,0,0,0,0,0,0,0,0,8,0,0,0,0,1,0,0,7a40,0,0,0,0,24,
060d0d13,0,0,fffff9b9,1,0,3a,0,24c,68,0,0,0,0,0,0,0,0,0,8,0,0,0,0,1,0,0,7a40,0,0,0,0,24,
06002467,0,0,fffff9b9,1,0,3a,0,24c,68,0,0,0,0,0,0,0,0,0,8,0,0,0,0,1,0,0,7aa0,0,0,0,0,24,
060d0d13,0,0,fffff9b9,1,0,3a,0,24c,68,0,0,0,0,0,0,0,0,0,8,0,0,0,0,1,0,0,7aa0,0,0,0,0,24,
06002467,0,0,fffff9b9,1,0,3a,0,24c,68,0,0,0,0,0,0,0,0,0,8,0,0,0,0,1,0,0,7b00,0,0,0,0,24,
060d0d13,0,0,fffff9b9,1,0,3a,0,24c,68,0,0,0,0,0,0,0,0,0,8,0,0,0,0,1,0,0,7b00,0,0,0,0,24,
06002467,0,0,fffff9b9,1,0,3a,0,24c,68,0,0,0,0,0,0,0,0,0,8,0,0,0,0,1,0,0,7b60,0,0,0,0,24,
060d0d13,0,0,fffff9b9,1,0,3a,0,24c,68,0,0,0,0,0,0,0,0,0,8,0,0,0,0,1,0,0,7b60,0,0,0,0,24,
06002467,0,0,fffff9b9,1,0,3a,0,24c,68,0,0,0,0,0,0,0,0,0,8,0,0,0,0,1,0,0,7bc0,0,0,0,0,24,
060d0d13,0,0,fffff9b9,1,0,3a,0,24c,68,0,0,0,0,0,0,0,0,0,8,0,0,0,0,1,0,0,7bc0,0,0,0,0,24,
06002467,0,0,fffff9b9,1,0,3a,0,24c,68,0,0,0,0,0,0,0,0,0,8,0,0,0,0,1,0,0,7c20,0,0,0,0,24,
060d0d13,0,0,fffff9b9,1,0,3a,0,24c,68,0,0,0,0,0,0,0,0,0,8,0,0,0,0,1,0,0,7c20,0,0,0,0,24,
06002467,0,0,fffff9b9,1,0,3a,0,24c,68,0,0,0,0,0,0,0,0,0,8,0,0,0,0,1,0,0,7c80,0,0,0,0,24,
060d0d13,0,0,fffff9b9,1,0,3a,0,24c,68,0,0,0,0,0,0,0,0,0,8,0,0,0,0,1,0,0,7c80,0,0,0,0,24,
06002467,0,0,fffff9b9,1,0,3a,0,24c,68,0,0,0,0,0,0,0,0,0,8,0,0,0,0,1,0,0,7ce0,0,0,0,0,24,
060d0d13,0,0,fffff9b9,1,0,3a,0,24c,68,0,0,0,0,0,0,0,0,0,8,0,0,0,0,1,0,0,7ce0,0,0,0,0,24,
06002467,0,0,fffff9b9,1,0,3a,0,24c,68,0,0,0,0,0,0,0,0,0,8,0,0,0,0,1,0,0,7d40,0,0,0,0,24,
060d0d13,0,0,fffff9b9,1,0,3a,0,24c,68,0,0,0,0,0,0,0,0,0,8,0,0,0,0,1,0,0,7d40,0,0,0,0,24,
06002467,0,0,fffff9b9,1,0,3a,0,24c,68,0,0,0,0,0,0,0,0,0,8,0,0,0,0,1,0,0,7da0,0,0,0,0,24,
060d0d13,0,0,fffff9b9,1,0,3a,0,24c,68,0,0,0,0,0,0,0,0,0,8,0,0,0,0,1,0,0,7da0,0,0,0,0,24,
06002467,0,0,fffff9b9,1,0,3a,0,24c,68,0,0,0,0,0,0,0,0,0,8,0,0,0,0,1,0,0,7e00,0,0,0,0,24,
060d0d13,0,0,fffff9b9,1,0,3a,0,24c,68,0,0,0,0,0,0,0,0,0,8,0,0,0,0,1,0,0,7e00,0,0,0,0,24,
06002467,0,0,fffff9b9,1,0,3a,0,24c,68,0,0,0,0,0,0,0,0,0,8,0,0,0,0,1,0,0,7e60,0,0,0,0,24,
060d0d13,0,0,fffff9b9,1,0,3a,0,24c,68,0,0,0,0,0,0,0,0,0,8,0,0,0,0,1,0,0,7e60,0,0,0,0,24,
06002467,0,0,fffff9b9,1,0,3a,0,24c,68,0,0,0,0,0,0,0,0,0,8,0,0,0,0,1,0,0,7ec0,0,0,0,0,24,
060d0d13,0,0,fffff9b9,1,0,3a,0,24c,68,0,0,0,0,0,0,0,0,0,8,0,0,0,0,1,0,0,7ec0,0,0,0,0,24,
06002467,0,0,fffff9b9,1,0,3a,0,24c,68,0,0,0,0,0,0,0,0,0,8,0,0,0,0,1,0,0,7f20,0,0,0,0,24,
060d0d13,0,0,fffff9b9,1,0,3a,0,24c,68,0,0,0,0,0,0,0,0,0,8,0,0,0,0,1,0,0,7f20,0,0,0,0,24,
06002467,0,0,fffff9b9,1,0,3a,0,24c,68,0,0,0,0,0,0,0,0,0,8,0,0,0,0,1,0,0,7f80,0,0,0,0,24,
060d0d13,0,0,fffff9b9,1,0,3a,0,24c,68,0,0,0,0,0,0,0,0,0,8,0,0,0,0,1,0,0,7f80,0,0,0,0,24,
06002467,0,0,fffff9b9,1,0,3a,0,24c,68,0,0,0,0,0,0,0,0,0,8,0,0,0,0,1,0,0,7fe0,0,0,0,0,24,
060d0d13,0,0,fffff9b9,1,0,3a,0,24c,68,0,0,0,0,0,0,0,0,0,8,0,0,0,0,1,0,0,7fe0,0,0,0,0,24,
06002467,0,0,fffff9b9,1,0,3a,0,24c,68,0,0,0,0,0,0,0,0,0,8,0,0,0,0,1,0,0,8040,0,0,0,0,24,
060d0d13,0,0,fffff9b9,1,0,3a,0,24c,68,0,0,0,0,0,0,0,0,0,8,0,0,0,0,1,0,0,8040,0,0,0,0,24,
06002467,0,0,fffff9b9,1,0,3a,0,24c,68,0,0,0,0,0,0,0,0,0,8,0,0,0,0,1,0,0,80a0,0,0,0,0,24,
060d0d13,0,0,fffff9b9,1,0,3a,0,24c,68,0,0,0,0,0,0,0,0,0,8,0,0,0,0,1,0,0,80a0,0,0,0,0,24,
06002467,0,0,fffff9b9,1,0,3a,0,24c,68,0,0,0,0,0,0,0,0,0,8,0,0,0,0,1,0,0,8100,0,0,0,0,24,
060d0d13,0,0,fffff9b9,1,0,3a,0,24c,68,0,0,0,0,0,0,0,0,0,8,0,0,0,0,1,0,0,8100,0,0,0,0,24,
06002467,0,0,fffff9b9,1,0,3a,0,24c,68,0,0,0,0,0,0,0,0,0,8,0,0,0,0,1,0,0,8160,0,0,0,0,24,
060d0d13,0,0,fffff9b9,1,0,3a,0,24c,68,0,0,0,0,0,0,0,0,0,8,0,0,0,0,1,0,0,8160,0,0,0,0,24,
06002467,0,0,fffff9b9,1,0,3a,0,24c,68,0,0,0,0,0,0,0,0,0,8,0,0,0,0,1,0,0,81c0,0,0,0,0,24,
060d0d13,0,0,fffff9b9,1,0,3a,0,24c,68,0,0,0,0,0,0,0,0,0,8,0,0,0,0,1,0,0,81c0,0,0,0,0,24,
06002467,0,0,fffff9b9,1,0,3a,0,24c,68,0,0,0,0,0,0,0,0,0,8,0,0,0,0,1,0,0,8220,0,0,0,0,24,
060d0d13,0,0,fffff9b9,1,0,3a,0,24c,68,0,0,0,0,0,0,0,0,0,8,0,0,0,0,1,0,0,8220,0,0,0,0,24,
06002467,0,0,fffff9b9,1,0,3a,0,24c,68,0,0,0,0,0,0,0,0,0,8,0,0,0,0,1,0,0,8280,0,0,0,0,24,
060d0d13,0,0,fffff9b9,1,0,3a,0,24c,68,0,0,0,0,0,0,0,0,0,8,0,0,0,0,1,0,0,8280,0,0,0,0,24,
06002467,0,0,fffff9b9,1,0,3a,0,24c,68,0,0,0,0,0,0,0,0,0,8,0,0,0,0,1,0,0,82e0,0,0,0,0,24,
060d0d13,0,0,fffff9b9,1,0,3a,0,24c,68,0,0,0,0,0,0,0,0,0,8,0,0,0,0,1,0,0,82e0,0,0,0,0,24,
06002467,0,0,fffff9b9,1,0,3a,0,24c,68,0,0,0,0,0,0,0,0,0,8,0,0,0,0,1,0,0,8340,0,0,0,0,24,
060d0d13,0,0,fffff9b9,1,0,3a,0,24c,68,0,0,0,0,0,0,0,0,0,8,0,0,0,0,1,0,0,8340,0,0,0,0,24,
06002467,0,0,fffff9b9,1,0,3a,0,24c,68,0,0,0,0,0,0,0,0,0,8,0,0,0,0,1,0,0,83a0,0,0,0,0,24,
060d0d13,0,0,fffff9b9,1,0,3a,0,24c,68,0,0,0,0,0,0,0,0,0,8,0,0,0,0,1,0,0,83a0,0,0,0,0,24,
06002467,0,0,fffff9b9,1,0,3a,0,24c,68,0,0,0,0,0,0,0,0,0,8,0,0,0,0,1,0,0,8400,0,0,0,0,24,
060d0d13,0,0,fffff9b9,1,0,3a,0,24c,68,0,0,0,0,0,0,0,0,0,8,0,0,0,0,1,0,0,8400,0,0,0,0,24,
06002467,0,0,fffff9b9,1,0,3a,0,24c,68,0,0,0,0,0,0,0,0,0,8,0,0,0,0,1,0,0,8460,0,0,0,0,24,
060d0d13,0,0,fffff9b9,1,0,3a,0,24c,68,0,0,0,0,0,0,0,0,0,8,0,0,0,0,1,0,0,8460,0,0,0,0,24,
06002467,0,0,fffff9b9,1,0,3a,0,24c,68,0,0,0,0,0,0,0,0,0,8,0,0,0,0,1,0,0,84c0,0,0,0,0,24,
060d0d13,0,0,fffff9b9,1,0,3a,0,24c,68,0,0,0,0,0,0,0,0,0,8,0,0,0,0,1,0,0,84c0,0,0,0,0,24,
06002467,0,0,fffff9b9,1,0,3a,0,24c,68,0,0,0,0,0,0,0,0,0,8,0,0,0,0,1,0,0,8520,0,0,0,0,24,
060d0d13,0,0,fffff9b9,1,0,3a,0,24c,68,0,0,0,0,0,0,0,0,0,8,0,0,0,0,1,0,0,8520,0,0,0,0,24,
06002467,0,0,fffff9b9,1,0,3a,0,24c,68,0,0,0,0,0,0,0,0,0,8,0,0,0,0,1,0,0,8580,0,0,0,0,24,
060d0d13,0,0,fffff9b9,1,0,3a,0,24c,68,0,0,0,0,0,0,0,0,0,8,0,0,0,0,1,0,0,8580,0,0,0,0,24,
06002467,0,0,fffff9b9,1,0,3a,0,24c,68,0,0,0,0,0,0,0,0,0,8,0,0,0,0,1,0,0,85e0,0,0,0,0,24,
060d0d13,0,0,fffff9b9,1,0,3a,0,24c,68,0,0,0,0,0,0,0,0,0,8,0,0,0,0,1,0,0,85e0,0,0,0,0,24,
06002467,0,0,fffff9b9,1,0,3a,0,24c,68,0,0,0,0,0,0,0,0,0,8,0,0,0,0,1,0,0,8640,0,0,0,0,24,
060d0d13,0,0,fffff9b9,1,0,3a,0,24c,68,0,0,0,0,0,0,0,0,0,8,0,0,0,0,1,0,0,8640,0,0,0,0,24,
06002467,0,0,fffff9b9,1,0,3a,0,24c,68,0,0,0,0,0,0,0,0,0,8,0,0,0,0,1,0,0,86a0,0,0,0,0,24,
060d0d13,0,0,fffff9b9,1,0,3a,0,24c,68,0,0,0,0,0,0,0,0,0,8,0,0,0,0,1,0,0,86a0,0,0,0,0,24,
06002467,0,0,fffff9b9,1,0,3a,0,24c,68,0,0,0,0,0,0,0,0,0,8,0,0,0,0,1,0,0,8700,0,0,0,0,24,
060d0d13,0,0,fffff9b9,1,0,3a,0,24c,68,0,0,0,0,0,0,0,0,0,8,0,0,0,0,1,0,0,8700,0,0,0,0,24,
06002467,0,0,fffff9b9,1,0,3a,0,24c,68,0,0,0,0,0,0,0,0,0,8,0,0,0,0,1,0,0,8760,0,0,0,0,24,
060d0d13,0,0,fffff9b9,1,0,3a,0,24c,68,0,0,0,0,0,0,0,0,0,8,0,0,0,0,1,0,0,8760,0,0,0,0,24,
06002467,0,0,fffff9b9,1,0,3a,0,24c,68,0,0,0,0,0,0,0,0,0,8,0,0,0,0,1,0,0,87c0,0,0,0,0,24,
060d0d13,0,0,fffff9b9,1,0,3a,0,24c,68,0,0,0,0,0,0,0,0,0,8,0,0,0,0,1,0,0,87c0,0,0,0,0,24,
06002467,0,0,fffff9b9,1,0,3a,0,24c,68,0,0,0,0,0,0,0,0,0,8,0,0,0,0,1,0,0,8820,0,0,0,0,24,
060d0d13,0,0,fffff9b9,1,0,3a,0,24c,68,0,0,0,0,0,0,0,0,0,8,0,0,0,0,1,0,0,8820,0,0,0,0,24,
06002467,0,0,fffff9b9,1,0,3a,0,24c,68,0,0,0,0,0,0,0,0,0,8,0,0,0,0,1,0,0,8880,0,0,0,0,24,
060d0d13,0,0,fffff9b9,1,0,3a,0,24c,68,0,0,0,0,0,0,0,0,0,8,0,0,0,0,1,0,0,8880,0,0,0,0,24,
06002467,0,0,fffff9b9,1,0,3a,0,24c,68,0,0,0,0,0,0,0,0,0,8,0,0,0,0,1,0,0,88e0,0,0,0,0,24,
060d0d13,0,0,fffff9b9,1,0,3a,0,24c,68,0,0,0,0,0,0,0,0,0,8,0,0,0,0,1,0,0,88e0,0,0,0,0,24,
06002467,0,0,fffff9b9,1,0,3a,0,24c,68,0,0,0,0,0,0,0,0,0,8,0,0,0,0,1,0,0,8940,0,0,0,0,24,
060d0d13,0,0,fffff9b9,1,0,3a,0,24c,68,0,0,0,0,0,0,0,0,0,8,0,0,0,0,1,0,0,8940,0,0,0,0,24,
06002467,0,0,fffff9b9,1,0,3a,0,24c,68,0,0,0,0,0,0,0,0,0,8,0,0,0,0,1,0,0,89a0,0,0,0,0,24,
060d0d13,0,0,fffff9b9,1,0,3a,0,24c,68,0,0,0,0,0,0,0,0,0,8,0,0,0,0,1,0,0,89a0,0,0,0,0,24,
06002467,0,0,fffff9b9,1,0,3a,0,24c,68,0,0,0,0,0,0,0,0,0,8,0,0,0,0,1,0,0,8a00,0,0,0,0,24,
060d0d13,0,0,fffff9b9,1,0,3a,0,24c,68,0,0,0,0,0,0,0,0,0,8,0,0,0,0,1,0,0,8a00,0,0,0,0,24,
06002467,0,0,fffff9b9,1,0,3a,0,24c,68,0,0,0,0,0,0,0,0,0,8,0,0,0,0,1,0,0,8a60,0,0,0,0,24,
060d0d13,0,0,fffff9b9,1,0,3a,0,24c,68,0,0,0,0,0,0,0,0,0,8,0,0,0,0,1,0,0,8a60,0,0,0,0,24,
06002467,0,0,fffff9b9,1,0,3a,0,24c,68,0,0,0,0,0,0,0,0,0,8,0,0,0,0,1,0,0,8ac0,0,0,0,0,24,
060d0d13,0,0,fffff9b9,1,0,3a,0,24c,68,0,0,0,0,0,0,0,0,0,8,0,0,0,0,1,0,0,8ac0,0,0,0,0,24,
06002467,0,0,fffff9b9,1,0,3a,0,24c,68,0,0,0,0,0,0,0,0,0,8,0,0,0,0,1,0,0,8b20,0,0,0,0,24,
060d0d13,0,0,fffff9b9,1,0,3a,0,24c,68,0,0,0,0,0,0,0,0,0,8,0,0,0,0,1,0,0,8b20,0,0,0,0,24,
06002467,0,0,fffff9b9,1,0,3a,0,24c,68,0,0,0,0,0,0,0,0,0,8,0,0,0,0,1,0,0,8b80,0,0,0,0,24,
060d0d13,0,0,fffff9b9,1,0,3a,0,24c,68,0,0,0,0,0,0,0,0,0,8,0,0,0,0,1,0,0,8b80,0,0,0,0,24,
06002467,0,0,fffff9b9,1,0,3a,0,24c,68,0,0,0,0,0,0,0,0,0,8,0,0,0,0,1,0,0,8be0,0,0,0,0,24,
060d0d13,0,0,fffff9b9,1,0,3a,0,24c,68,0,0,0,0,0,0,0,0,0,8,0,0,0,0,1,0,0,8be0,0,0,0,0,24,
06002467,0,0,fffff9b9,1,0,3a,0,24c,68,0,0,0,0,0,0,0,0,0,8,0,0,0,0,1,0,0,8c40,0,0,0,0,24,
060d0d13,0,0,fffff9b9,1,0,3a,0,24c,68,0,0,0,0,0,0,0,0,0,8,0,0,0,0,1,0,0,8c40,0,0,0,0,24,
06002467,0,0,fffff9b9,1,0,3a,0,24c,68,0,0,0,0,0,0,0,0,0,8,0,0,0,0,1,0,0,8ca0,0,0,0,0,24,
060d0d13,0,0,fffff9b9,1,0,3a,0,24c,68,0,0,0,0,0,0,0,0,0,8,0,0,0,0,1,0,0,8ca0,0,0,0,0,24,
06002467,0,0,fffff9b9,1,0,3a,0,24c,68,0,0,0,0,0,0,0,0,0,8,0,0,0,0,1,0,0,8d00,0,0,0,0,24,
060d0d13,0,0,fffff9b9,1,0,3a,0,24c,68,0,0,0,0,0,0,0,0,0,8,0,0,0,0,1,0,0,8d00,0,0,0,0,24,
06002467,0,0,fffff9b9,1,0,3a,0,24c,68,0,0,0,0,0,0,0,0,0,8,0,0,0,0,1,0,0,8d60,0,0,0,0,24,
060d0d13,0,0,fffff9b9,1,0,3a,0,24c,68,0,0,0,0,0,0,0,0,0,8,0,0,0,0,1,0,0,8d60,0,0,0,0,24,
06002467,0,0,fffff9b9,1,0,3a,0,24c,68,0,0,0,0,0,0,0,0,0,8,0,0,0,0,1,0,0,8dc0,0,0,0,0,24,
060d0d13,0,0,fffff9b9,1,0,3a,0,24c,68,0,0,0,0,0,0,0,0,0,8,0,0,0,0,1,0,0,8dc0,0,0,0,0,24,
06002467,0,0,fffff9b9,1,0,3a,0,24c,68,0,0,0,0,0,0,0,0,0,8,0,0,0,0,1,0,0,8e20,0,0,0,0,24,
060d0d13,0,0,fffff9b9,1,0,3a,0,24c,68,0,0,0,0,0,0,0,0,0,8,0,0,0,0,1,0,0,8e20,0,0,0,0,24,
06002467,0,0,fffff9b9,1,0,3a,0,24c,68,0,0,0,0,0,0,0,0,0,8,0,0,0,0,1,0,0,8e80,0,0,0,0,24,
060d0d13,0,0,fffff9b9,1,0,3a,0,24c,68,0,0,0,0,0,0,0,0,0,8,0,0,0,0,1,0,0,8e80,0,0,0,0,24,
06002467,0,0,fffff9b9,1,0,3a,0,24c,68,0,0,0,0,0,0,0,0,0,8,0,0,0,0,1,0,0,8ee0,0,0,0,0,24,
060d0d13,0,0,fffff9b9,1,0,3a,0,24c,68,0,0,0,0,0,0,0,0,0,8,0,0,0,0,1,0,0,8ee0,0,0,0,0,24,
06002467,0,0,fffff9b9,1,0,3a,0,24c,68,0,0,0,0,0,0,0,0,0,8,0,0,0,0,1,0,0,8f40,0,0,0,0,24,
060d0d13,0,0,fffff9b9,1,0,3a,0,24c,68,0,0,0,0,0,0,0,0,0,8,0,0,0,0,1,0,0,8f40,0,0,0,0,24,
06002467,0,0,fffff9b9,1,0,3a,0,24c,68,0,0,0,0,0,0,0,0,0,8,0,0,0,0,1,0,0,8fa0,0,0,0,0,24,
060d0d13,0,0,fffff9b9,1,0,3a,0,24c,68,0,0,0,0,0,0,0,0,0,8,0,0,0,0,1,0,0,8fa0,0,0,0,0,24,
06002467,0,0,fffff9b9,1,0,3a,0,24c,68,0,0,0,0,0,0,0,0,0,8,0,0,0,0,1,0,0,9000,0,0,0,0,24,
060d0d13,0,0,fffff9b9,1,0,3a,0,24c,68,0,0,0,0,0,0,0,0,0,8,0,0,0,0,1,0,0,9000,0,0,0,0,24,
06002467,0,0,fffff9b9,1,0,3a,0,24c,68,0,0,0,0,0,0,0,0,0,8,0,0,0,0,1,0,0,9060,0,0,0,0,24,
060d0d13,0,0,fffff9b9,1,0,3a,0,24c,68,0,0,0,0,0,0,0,0,0,8,0,0,0,0,1,0,0,9060,0,0,0,0,24,
06002467,0,0,fffff9b9,1,0,3a,0,24c,68,0,0,0,0,0,0,0,0,0,8,0,0,0,0,1,0,0,90c0,0,0,0,0,24,
060d0d13,0,0,fffff9b9,1,0,3a,0,24c,68,0,0,0,0,0,0,0,0,0,8,0,0,0,0,1,0,0,90c0,0,0,0,0,24,
06002467,0,0,fffff9b9,1,0,3a,0,24c,68,0,0,0,0,0,0,0,0,0,8,0,0,0,0,1,0,0,9120,0,0,0,0,24,
060d0d13,0,0,fffff9b9,1,0,3a,0,24c,68,0,0,0,0,0,0,0,0,0,8,0,0,0,0,1,0,0,9120,0,0,0,0,24,
06002467,0,0,fffff9b9,1,0,3a,0,24c,68,0,0,0,0,0,0,0,0,0,8,0,0,0,0,1,0,0,9180,0,0,0,0,24,
060d0d13,0,0,fffff9b9,1,0,3a,0,24c,68,0,0,0,0,0,0,0,0,0,8,0,0,0,0,1,0,0,9180,0,0,0,0,24,
06002467,0,0,fffff9b9,1,0,3a,0,24c,68,0,0,0,0,0,0,0,0,0,8,0,0,0,0,1,0,0,91e0,0,0,0,0,24,
060d0d13,0,0,fffff9b9,1,0,3a,0,24c,68,0,0,0,0,0,0,0,0,0,8,0,0,0,0,1,0,0,91e0,0,0,0,0,24,
06002467,0,0,fffff9b9,1,0,3a,0,24c,68,0,0,0,0,0,0,0,0,0,8,0,0,0,0,1,0,0,9240,0,0,0,0,24,
060d0d13,0,0,fffff9b9,1,0,3a,0,24c,68,0,0,0,0,0,0,0,0,0,8,0,0,0,0,1,0,0,9240,0,0,0,0,24,
06002467,0,0,fffff9b9,1,0,3a,0,24c,68,0,0,0,0,0,0,0,0,0,8,0,0,0,0,1,0,0,92a0,0,0,0,0,24,
060d0d13,0,0,fffff9b9,1,0,3a,0,24c,68,0,0,0,0,0,0,0,0,0,8,0,0,0,0,1,0,0,92a0,0,0,0,0,24,
06002467,0,0,fffff9b9,1,0,3a,0,24c,68,0,0,0,0,0,0,0,0,0,8,0,0,0,0,1,0,0,9300,0,0,0,0,24,
060d0d13,0,0,fffff9b9,1,0,3a,0,24c,68,0,0,0,0,0,0,0,0,0,8,0,0,0,0,1,0,0,9300,0,0,0,0,24,
06002467,0,0,fffff9b9,1,0,3a,0,24c,68,0,0,0,0,0,0,0,0,0,8,0,0,0,0,1,0,0,9360,0,0,0,0,24,
060d0d13,0,0,fffff9b9,1,0,3a,0,24c,68,0,0,0,0,0,0,0,0,0,8,0,0,0,0,1,0,0,9360,0,0,0,0,24,
06002467,0,0,fffff9b9,1,0,3a,0,24c,68,0,0,0,0,0,0,0,0,0,8,0,0,0,0,1,0,0,93c0,0,0,0,0,24,
060d0d13,0,0,fffff9b9,1,0,3a,0,24c,68,0,0,0,0,0,0,0,0,0,8,0,0,0,0,1,0,0,93c0,0,0,0,0,24,
06002467,0,0,fffff9b9,1,0,3a,0,24c,68,0,0,0,0,0,0,0,0,0,8,0,0,0,0,1,0,0,9420,0,0,0,0,24,
060d0d13,0,0,fffff9b9,1,0,3a,0,24c,68,0,0,0,0,0,0,0,0,0,8,0,0,0,0,1,0,0,9420,0,0,0,0,24,
06002467,0,0,fffff9b9,1,0,3a,0,24c,68,0,0,0,0,0,0,0,0,0,8,0,0,0,0,1,0,0,9480,0,0,0,0,24,
060d0d13,0,0,fffff9b9,1,0,3a,0,24c,68,0,0,0,0,0,0,0,0,0,8,0,0,0,0,1,0,0,9480,0,0,0,0,24,
06002467,0,0,fffff9b9,1,0,3a,0,24c,68,0,0,0,0,0,0,0,0,0,8,0,0,0,0,1,0,0,94e0,0,0,0,0,24,
060d0d13,0,0,fffff9b9,1,0,3a,0,24c,68,0,0,0,0,0,0,0,0,0,8,0,0,0,0,1,0,0,94e0,0,0,0,0,24,
06002467,0,0,fffff9b9,1,0,3a,0,24c,68,0,0,0,0,0,0,0,0,0,8,0,0,0,0,1,0,0,9540,0,0,0,0,24,
060d0d13,0,0,fffff9b9,1,0,3a,0,24c,68,0,0,0,0,0,0,0,0,0,8,0,0,0,0,1,0,0,9540,0,0,0,0,24,
06002467,0,0,fffff9b9,1,0,3a,0,24c,68,0,0,0,0,0,0,0,0,0,8,0,0,0,0,1,0,0,95a0,0,0,0,0,24,
060d0d13,0,0,fffff9b9,1,0,3a,0,24c,68,0,0,0,0,0,0,0,0,0,8,0,0,0,0,1,0,0,95a0,0,0,0,0,24,
06002467,0,0,fffff9b9,1,0,3a,0,24c,68,0,0,0,0,0,0,0,0,0,8,0,0,0,0,1,0,0,9600,0,0,0,0,24,
060d0d13,0,0,fffff9b9,1,0,3a,0,24c,68,0,0,0,0,0,0,0,0,0,8,0,0,0,0,1,0,0,9600,0,0,0,0,24,
06002467,0,0,fffff9b9,1,0,3a,0,24c,68,0,0,0,0,0,0,0,0,0,8,0,0,0,0,1,0,0,9660,0,0,0,0,24,
060d0d13,0,0,fffff9b9,1,0,3a,0,24c,68,0,0,0,0,0,0,0,0,0,8,0,0,0,0,1,0,0,9660,0,0,0,0,24,
06002467,0,0,fffff9b9,1,0,3a,0,24c,68,0,0,0,0,0,0,0,0,0,8,0,0,0,0,1,0,0,96c0,0,0,0,0,24,
060d0d13,0,0,fffff9b9,1,0,3a,0,24c,68,0,0,0,0,0,0,0,0,0,8,0,0,0,0,1,0,0,96c0,0,0,0,0,24,
06002467,0,0,fffff9b9,1,0,3a,0,24c,68,0,0,0,0,0,0,0,0,0,8,0,0,0,0,1,0,0,9720,0,0,0,0,24,
060d0d13,0,0,fffff9b9,1,0,3a,0,24c,68,0,0,0,0,0,0,0,0,0,8,0,0,0,0,1,0,0,9720,0,0,0,0,24,
06002467,0,0,fffff9b9,1,0,3a,0,24c,68,0,0,0,0,0,0,0,0,0,8,0,0,0,0,1,0,0,9780,0,0,0,0,24,
060d0d13,0,0,fffff9b9,1,0,3a,0,24c,68,0,0,0,0,0,0,0,0,0,8,0,0,0,0,1,0,0,9780,0,0,0,0,24,
06002467,0,0,fffff9b9,1,0,3a,0,24c,68,0,0,0,0,0,0,0,0,0,8,0,0,0,0,1,0,0,97e0,0,0,0,0,24,
060d0d13,0,0,fffff9b9,1,0,3a,0,24c,68,0,0,0,0,0,0,0,0,0,8,0,0,0,0,1,0,0,97e0,0,0,0,0,24,
06002467,0,0,fffff9b9,1,0,3a,0,24c,68,0,0,0,0,0,0,0,0,0,8,0,0,0,0,1,0,0,9840,0,0,0,0,24,
060d0d13,0,0,fffff9b9,1,0,3a,0,24c,68,0,0,0,0,0,0,0,0,0,8,0,0,0,0,1,0,0,9840,0,0,0,0,24,
06002467,0,0,fffff9b9,1,0,3a,0,24c,68,0,0,0,0,0,0,0,0,0,8,0,0,0,0,1,0,0,98a0,0,0,0,0,24,
060d0d13,0,0,fffff9b9,1,0,3a,0,24c,68,0,0,0,0,0,0,0,0,0,8,0,0,0,0,1,0,0,98a0,0,0,0,0,24,
06002467,0,0,fffff9b9,1,0,3a,0,24c,68,0,0,0,0,0,0,0,0,0,8,0,0,0,0,1,0,0,9900,0,0,0,0,24,
060d0d13,0,0,fffff9b9,1,0,3a,0,24c,68,0,0,0,0,0,0,0,0,0,8,0,0,0,0,1,0,0,9900,0,0,0,0,24,
06002467,0,0,fffff9b9,1,0,3a,0,24c,68,0,0,0,0,0,0,0,0,0,8,0,0,0,0,1,0,0,9960,0,0,0,0,24,
060d0d13,0,0,fffff9b9,1,0,3a,0,24c,68,0,0,0,0,0,0,0,0,0,8,0,0,0,0,1,0,0,9960,0,0,0,0,24,
06002467,0,0,fffff9b9,1,0,3a,0,24c,68,0,0,0,0,0,0,0,0,0,8,0,0,0,0,1,0,0,99c0,0,0,0,0,24,
060d0d13,0,0,fffff9b9,1,0,3a,0,24c,68,0,0,0,0,0,0,0,0,0,8,0,0,0,0,1,0,0,99c0,0,0,0,0,24,
06002467,0,0,fffff9b9,1,0,3a,0,24c,68,0,0,0,0,0,0,0,0,0,8,0,0,0,0,1,0,0,9a20,0,0,0,0,24,
060d0d13,0,0,fffff9b9,1,0,3a,0,24c,68,0,0,0,0,0,0,0,0,0,8,0,0,0,0,1,0,0,9a20,0,0,0,0,24,
06002467,0,0,fffff9b9,1,0,3a,0,24c,68,0,0,0,0,0,0,0,0,0,8,0,0,0,0,1,0,0,9a80,0,0,0,0,24,
060d0d13,0,0,fffff9b9,1,0,3a,0,24c,68,0,0,0,0,0,0,0,0,0,8,0,0,0,0,1,0,0,9a80,0,0,0,0,24,
06002467,0,0,fffff9b9,1,0,3a,0,24c,68,0,0,0,0,0,0,0,0,0,8,0,0,0,0,1,0,0,9ae0,0,0,0,0,24,
060d0d13,0,0,fffff9b9,1,0,3a,0,24c,68,0,0,0,0,0,0,0,0,0,8,0,0,0,0,1,0,0,9ae0,0,0,0,0,24,
06002467,0,0,fffff9b9,1,0,3a,0,24c,68,0,0,0,0,0,0,0,0,0,8,0,0,0,0,1,0,0,9b40,0,0,0,0,24,
060d0d13,0,0,fffff9b9,1,0,3a,0,24c,68,0,0,0,0,0,0,0,0,0,8,0,0,0,0,1,0,0,9b40,0,0,0,0,24,
06002467,0,0,fffff9b9,1,0,3a,0,24c,68,0,0,0,0,0,0,0,0,0,8,0,0,0,0,1,0,0,9ba0,0,0,0,0,24,
060d0d13,0,0,fffff9b9,1,0,3a,0,24c,68,0,0,0,0,0,0,0,0,0,8,0,0,0,0,1,0,0,9ba0,0,0,0,0,24,
06002467,0,0,fffff9b9,1,0,3a,0,24c,68,0,0,0,0,0,0,0,0,0,8,0,0,0,0,1,0,0,9c00,0,0,0,0,24,
060d0d13,0,0,fffff9b9,1,0,3a,0,24c,68,0,0,0,0,0,0,0,0,0,8,0,0,0,0,1,0,0,9c00,0,0,0,0,24,
06002467,0,0,fffff9b9,1,0,3a,0,24c,68,0,0,0,0,0,0,0,0,0,8,0,0,0,0,1,0,0,9c60,0,0,0,0,24,
060d0d13,0,0,fffff9b9,1,0,3a,0,24c,68,0,0,0,0,0,0,0,0,0,8,0,0,0,0,1,0,0,9c60,0,0,0,0,24,
06002467,0,0,fffff9b9,1,0,3a,0,24c,68,0,0,0,0,0,0,0,0,0,8,0,0,0,0,1,0,0,9cc0,0,0,0,0,24,
060d0d13,0,0,fffff9b9,1,0,3a,0,24c,68,0,0,0,0,0,0,0,0,0,8,0,0,0,0,1,0,0,9cc0,0,0,0,0,24,
06002467,0,0,fffff9b9,1,0,3a,0,24c,68,0,0,0,0,0,0,0,0,0,8,0,0,0,0,1,0,0,9d20,0,0,0,0,24,
060d0d13,0,0,fffff9b9,1,0,3a,0,24c,68,0,0,0,0,0,0,0,0,0,8,0,0,0,0,1,0,0,9d20,0,0,0,0,24,
06002467,0,0,fffff9b9,1,0,3a,0,24c,68,0,0,0,0,0,0,0,0,0,8,0,0,0,0,1,0,0,9d80,0,0,0,0,24,
060d0d13,0,0,fffff9b9,1,0,3a,0,24c,68,0,0,0,0,0,0,0,0,0,8,0,0,0,0,1,0,0,9d80,0,0,0,0,24,
06002467,0,0,fffff9b9,1,0,3a,0,24c,68,0,0,0,0,0,0,0,0,0,8,0,0,0,0,1,0,0,9de0,0,0,0,0,24,
060d0d13,0,0,fffff9b9,1,0,3a,0,24c,68,0,0,0,0,0,0,0,0,0,8,0,0,0,0,1,0,0,9de0,0,0,0,0,24,
06002467,0,0,fffff9b9,1,0,3a,0,24c,68,0,0,0,0,0,0,0,0,0,8,0,0,0,0,1,0,0,9e40,0,0,0,0,24,
060d0d13,0,0,fffff9b9,1,0,3a,0,24c,68,0,0,0,0,0,0,0,0,0,8,0,0,0,0,1,0,0,9e40,0,0,0,0,24,
06002467,0,0,fffff9b9,1,0,3a,0,24c,68,0,0,0,0,0,0,0,0,0,8,0,0,0,0,1,0,0,9ea0,0,0,0,0,24,
060d0d13,0,0,fffff9b9,1,0,3a,0,24c,68,0,0,0,0,0,0,0,0,0,8,0,0,0,0,1,0,0,9ea0,0,0,0,0,24,
06002467,0,0,fffff9b9,1,0,3a,0,24c,68,0,0,0,0,0,0,0,0,0,8,0,0,0,0,1,0,0,9f00,0,0,0,0,24,
060d0d13,0,0,fffff9b9,1,0,3a,0,24c,68,0,0,0,0,0,0,0,0,0,8,0,0,0,0,1,0,0,9f00,0,0,0,0,24,
06002467,0,0,fffff9b9,1,0,3a,0,24c,68,0,0,0,0,0,0,0,0,0,8,0,0,0,0,1,0,0,9f60,0,0,0,0,24,
060d0d13,0,0,fffff9b9,1,0,3a,0,24c,68,0,0,0,0,0,0,0,0,0,8,0,0,0,0,1,0,0,9f60,0,0,0,0,24,
06002467,0,0,fffff9b9,1,0,3a,0,24c,68,0,0,0,0,0,0,0,0,0,8,0,0,0,0,1,0,0,9fc0,0,0,0,0,24,
060d0d13,0,0,fffff9b9,1,0,3a,0,24c,68,0,0,0,0,0,0,0,0,0,8,0,0,0,0,1,0,0,9fc0,0,0,0,0,24,
06002467,0,0,fffff9b9,1,0,3a,0,24c,68,0,0,0,0,0,0,0,0,0,8,0,0,0,0,1,0,0,a020,0,0,0,0,24,
060d0d13,0,0,fffff9b9,1,0,3a,0,24c,68,0,0,0,0,0,0,0,0,0,8,0,0,0,0,1,0,0,a020,0,0,0,0,24,
06002467,0,0,fffff9b9,1,0,3a,0,24c,68,0,0,0,0,0,0,0,0,0,8,0,0,0,0,1,0,0,a080,0,0,0,0,24,
060d0d13,0,0,fffff9b9,1,0,3a,0,24c,68,0,0,0,0,0,0,0,0,0,8,0,0,0,0,1,0,0,a080,0,0,0,0,24,
06002467,0,0,fffff9b9,1,0,3a,0,24c,68,0,0,0,0,0,0,0,0,0,8,0,0,0,0,1,0,0,a0e0,0,0,0,0,24,
060d0d13,0,0,fffff9b9,1,0,3a,0,24c,68,0,0,0,0,0,0,0,0,0,8,0,0,0,0,1,0,0,a0e0,0,0,0,0,24,
06002467,0,0,fffff9b9,1,0,3a,0,24c,68,0,0,0,0,0,0,0,0,0,8,0,0,0,0,1,0,0,a140,0,0,0,0,24,
060d0d13,0,0,fffff9b9,1,0,3a,0,24c,68,0,0,0,0,0,0,0,0,0,8,0,0,0,0,1,0,0,a140,0,0,0,0,24,
06002467,0,0,fffff9b9,1,0,3a,0,24c,68,0,0,0,0,0,0,0,0,0,8,0,0,0,0,1,0,0,a1a0,0,0,0,0,24,
060d0d13,0,0,fffff9b9,1,0,3a,0,24c,68,0,0,0,0,0,0,0,0,0,8,0,0,0,0,1,0,0,a1a0,0,0,0,0,24,
06002467,0,0,fffff9b9,1,0,3a,0,24c,68,0,0,0,0,0,0,0,0,0,8,0,0,0,0,1,0,0,a200,0,0,0,0,24,
060d0d13,0,0,fffff9b9,1,0,3a,0,24c,68,0,0,0,0,0,0,0,0,0,8,0,0,0,0,1,0,0,a200,0,0,0,0,24,
06002467,0,0,fffff9b9,1,0,3a,0,24c,68,0,0,0,0,0,0,0,0,0,8,0,0,0,0,1,0,0,a260,0,0,0,0,24,
060d0d13,0,0,fffff9b9,1,0,3a,0,24c,68,0,0,0,0,0,0,0,0,0,8,0,0,0,0,1,0,0,a260,0,0,0,0,24,
06002467,0,0,fffff9b9,1,0,3a,0,24c,68,0,0,0,0,0,0,0,0,0,8,0,0,0,0,1,0,0,a2c0,0,0,0,0,24,
060d0d13,0,0,fffff9b9,1,0,3a,0,24c,68,0,0,0,0,0,0,0,0,0,8,0,0,0,0,1,0,0,a2c0,0,0,0,0,24,
06002467,0,0,fffff9b9,1,0,3a,0,24c,68,0,0,0,0,0,0,0,0,0,8,0,0,0,0,1,0,0,a320,0,0,0,0,24,
060d0d13,0,0,fffff9b9,1,0,3a,0,24c,68,0,0,0,0,0,0,0,0,0,8,0,0,0,0,1,0,0,a320,0,0,0,0,24,
06002467,0,0,fffff9b9,1,0,3a,0,24c,68,0,0,0,0,0,0,0,0,0,8,0,0,0,0,1,0,0,a380,0,0,0,0,24,
060d0d13,0,0,fffff9b9,1,0,3a,0,24c,68,0,0,0,0,0,0,0,0,0,8,0,0,0,0,1,0,0,a380,0,0,0,0,24,
06002467,0,0,fffff9b9,1,0,3a,0,24c,68,0,0,0,0,0,0,0,0,0,8,0,0,0,0,1,0,0,a3e0,0,0,0,0,24,
060d0d13,0,0,fffff9b9,1,0,3a,0,24c,68,0,0,0,0,0,0,0,0,0,8,0,0,0,0,1,0,0,a3e0,0,0,0,0,24,
06002467,0,0,fffff9b9,1,0,3a,0,24c,68,0,0,0,0,0,0,0,0,0,8,0,0,0,0,1,0,0,a440,0,0,0,0,24,
060d0d13,0,0,fffff9b9,1,0,3a,0,24c,68,0,0,0,0,0,0,0,0,0,8,0,0,0,0,1,0,0,a440,0,0,0,0,24,
06002467,0,0,fffff9b9,1,0,3a,0,24c,68,0,0,0,0,0,0,0,0,0,8,0,0,0,0,1,0,0,a4a0,0,0,0,0,24,
060d0d13,0,0,fffff9b9,1,0,3a,0,24c,68,0,0,0,0,0,0,0,0,0,8,0,0,0,0,1,0,0,a4a0,0,0,0,0,24,
06002467,0,0,fffff9b9,1,0,3a,0,24c,68,0,0,0,0,0,0,0,0,0,8,0,0,0,0,1,0,0,a500,0,0,0,0,24,
060d0d13,0,0,fffff9b9,1,0,3a,0,24c,68,0,0,0,0,0,0,0,0,0,8,0,0,0,0,1,0,0,a500,0,0,0,0,24,
06002467,0,0,fffff9b9,1,0,3a,0,24c,68,0,0,0,0,0,0,0,0,0,8,0,0,0,0,1,0,0,a560,0,0,0,0,24,
060d0d13,0,0,fffff9b9,1,0,3a,0,24c,68,0,0,0,0,0,0,0,0,0,8,0,0,0,0,1,0,0,a560,0,0,0,0,24,
06002467,0,0,fffff9b9,1,0,3a,0,24c,68,0,0,0,0,0,0,0,0,0,8,0,0,0,0,1,0,0,a5c0,0,0,0,0,24,
060d0d13,0,0,fffff9b9,1,0,3a,0,24c,68,0,0,0,0,0,0,0,0,0,8,0,0,0,0,1,0,0,a5c0,0,0,0,0,24,
06002467,0,0,fffff9b9,1,0,3a,0,24c,68,0,0,0,0,0,0,0,0,0,8,0,0,0,0,1,0,0,a620,0,0,0,0,24,
060d0d13,0,0,fffff9b9,1,0,3a,0,24c,68,0,0,0,0,0,0,0,0,0,8,0,0,0,0,1,0,0,a620,0,0,0,0,24,
06002467,0,0,fffff9b9,1,0,3a,0,24c,68,0,0,0,0,0,0,0,0,0,8,0,0,0,0,1,0,0,a680,0,0,0,0,24,
060d0d13,0,0,fffff9b9,1,0,3a,0,24c,68,0,0,0,0,0,0,0,0,0,8,0,0,0,0,1,0,0,a680,0,0,0,0,24,
06002467,0,0,fffff9b9,1,0,3a,0,24c,68,0,0,0,0,0,0,0,0,0,8,0,0,0,0,1,0,0,a6e0,0,0,0,0,24,
060d0d13,0,0,fffff9b9,1,0,3a,0,24c,68,0,0,0,0,0,0,0,0,0,8,0,0,0,0,1,0,0,a6e0,0,0,0,0,24,
06002467,0,0,fffff9b9,1,0,3a,0,24c,68,0,0,0,0,0,0,0,0,0,8,0,0,0,0,1,0,0,a740,0,0,0,0,24,
060d0d13,0,0,fffff9b9,1,0,3a,0,24c,68,0,0,0,0,0,0,0,0,0,8,0,0,0,0,1,0,0,a740,0,0,0,0,24,
06002467,0,0,fffff9b9,1,0,3a,0,24c,68,0,0,0,0,0,0,0,0,0,8,0,0,0,0,1,0,0,a7a0,0,0,0,0,24,
060d0d13,0,0,fffff9b9,1,0,3a,0,24c,68,0,0,0,0,0,0,0,0,0,8,0,0,0,0,1,0,0,a7a0,0,0,0,0,24,
06002467,0,0,fffff9b9,1,0,3a,0,24c,68,0,0,0,0,0,0,0,0,0,8,0,0,0,0,1,0,0,a800,0,0,0,0,24,
060d0d13,0,0,fffff9b9,1,0,3a,0,24c,68,0,0,0,0,0,0,0,0,0,8,0,0,0,0,1,0,0,a800,0,0,0,0,24,
06002467,0,0,fffff9b9,1,0,3a,0,24c,68,0,0,0,0,0,0,0,0,0,8,0,0,0,0,1,0,0,a860,0,0,0,0,24,
060d0d13,0,0,fffff9b9,1,0,3a,0,24c,68,0,0,0,0,0,0,0,0,0,8,0,0,0,0,1,0,0,a860,0,0,0,0,24,
06002467,0,0,fffff9b9,1,0,3a,0,24c,68,0,0,0,0,0,0,0,0,0,8,0,0,0,0,1,0,0,a8c0,0,0,0,0,24,
060d0d13,0,0,fffff9b9,1,0,3a,0,24c,68,0,0,0,0,0,0,0,0,0,8,0,0,0,0,1,0,0,a8c0,0,0,0,0,24,
06002467,0,0,fffff9b9,1,0,3a,0,24c,68,0,0,0,0,0,0,0,0,0,8,0,0,0,0,1,0,0,a920,0,0,0,0,24,
060d0d13,0,0,fffff9b9,1,0,3a,0,24c,68,0,0,0,0,0,0,0,0,0,8,0,0,0,0,1,0,0,a920,0,0,0,0,24,
06002467,0,0,fffff9b9,1,0,3a,0,24c,68,0,0,0,0,0,0,0,0,0,8,0,0,0,0,1,0,0,a980,0,0,0,0,24,
060d0d13,0,0,fffff9b9,1,0,3a,0,24c,68,0,0,0,0,0,0,0,0,0,8,0,0,0,0,1,0,0,a980,0,0,0,0,24,
06002467,0,0,fffff9b9,1,0,3a,0,24c,68,0,0,0,0,0,0,0,0,0,8,0,0,0,0,1,0,0,a9e0,0,0,0,0,24,
060d0d13,0,0,fffff9b9,1,0,3a,0,24c,68,0,0,0,0,0,0,0,0,0,8,0,0,0,0,1,0,0,a9e0,0,0,0,0,24,
06002467,0,0,fffff9b9,1,0,3a,0,24c,68,0,0,0,0,0,0,0,0,0,8,0,0,0,0,1,0,0,aa40,0,0,0,0,24,
060d0d13,0,0,fffff9b9,1,0,3a,0,24c,68,0,0,0,0,0,0,0,0,0,8,0,0,0,0,1,0,0,aa40,0,0,0,0,24,
06002467,0,0,fffff9b9,1,0,3a,0,24c,68,0,0,0,0,0,0,0,0,0,8,0,0,0,0,1,0,0,aaa0,0,0,0,0,24,
060d0d13,0,0,fffff9b9,1,0,3a,0,24c,68,0,0,0,0,0,0,0,0,0,8,0,0,0,0,1,0,0,aaa0,0,0,0,0,24,
06002467,0,0,fffff9b9,1,0,3a,0,24c,68,0,0,0,0,0,0,0,0,0,8,0,0,0,0,1,0,0,ab00,0,0,0,0,24,
060d0d13,0,0,fffff9b9,1,0,3a,0,24c,68,0,0,0,0,0,0,0,0,0,8,0,0,0,0,1,0,0,ab00,0,0,0,0,24,
06002467,0,0,fffff9b9,1,0,3a,0,24c,68,0,0,0,0,0,0,0,0,0,8,0,0,0,0,1,0,0,ab60,0,0,0,0,24,
060d0d13,0,0,fffff9b9,1,0,3a,0,24c,68,0,0,0,0,0,0,0,0,0,8,0,0,0,0,1,0,0,ab60,0,0,0,0,24,
06002467,0,0,fffff9b9,1,0,3a,0,24c,68,0,0,0,0,0,0,0,0,0,8,0,0,0,0,1,0,0,abc0,0,0,0,0,24,
060d0d13,0,0,fffff9b9,1,0,3a,0,24c,68,0,0,0,0,0,0,0,0,0,8,0,0,0,0,1,0,0,abc0,0,0,0,0,24,
06002467,0,0,fffff9b9,1,0,3a,0,24c,68,0,0,0,0,0,0,0,0,0,8,0,0,0,0,1,0,0,ac20,0,0,0,0,24,
060d0d13,0,0,fffff9b9,1,0,3a,0,24c,68,0,0,0,0,0,0,0,0,0,8,0,0,0,0,1,0,0,ac20,0,0,0,0,24,
06002467,0,0,fffff9b9,1,0,3a,0,24c,68,0,0,0,0,0,0,0,0,0,8,0,0,0,0,1,0,0,ac80,0,0,0,0,24,
060d0d13,0,0,fffff9b9,1,0,3a,0,24c,68,0,0,0,0,0,0,0,0,0,8,0,0,0,0,1,0,0,ac80,0,0,0,0,24,
06002467,0,0,fffff9b9,1,0,3a,0,24c,68,0,0,0,0,0,0,0,0,0,8,0,0,0,0,1,0,0,ace0,0,0,0,0,24,
060d0d13,0,0,fffff9b9,1,0,3a,0,24c,68,0,0,0,0,0,0,0,0,0,8,0,0,0,0,1,0,0,ace0,0,0,0,0,24,
06002467,0,0,fffff9b9,1,0,3a,0,24c,68,0,0,0,0,0,0,0,0,0,8,0,0,0,0,1,0,0,ad40,0,0,0,0,24,
060d0d13,0,0,fffff9b9,1,0,3a,0,24c,68,0,0,0,0,0,0,0,0,0,8,0,0,0,0,1,0,0,ad40,0,0,0,0,24,
06002467,0,0,fffff9b9,1,0,3a,0,24c,68,0,0,0,0,0,0,0,0,0,8,0,0,0,0,1,0,0,ada0,0,0,0,0,24,
060d0d13,0,0,fffff9b9,1,0,3a,0,24c,68,0,0,0,0,0,0,0,0,0,8,0,0,0,0,1,0,0,ada0,0,0,0,0,24,
06002467,0,0,fffff9b9,1,0,3a,0,24c,68,0,0,0,0,0,0,0,0,0,8,0,0,0,0,1,0,0,ae00,0,0,0,0,24,
060d0d13,0,0,fffff9b9,1,0,3a,0,24c,68,0,0,0,0,0,0,0,0,0,8,0,0,0,0,1,0,0,ae00,0,0,0,0,24,
06002467,0,0,fffff9b9,1,0,3a,0,24c,68,0,0,0,0,0,0,0,0,0,8,0,0,0,0,1,0,0,ae60,0,0,0,0,24,
060d0d13,0,0,fffff9b9,1,0,3a,0,24c,68,0,0,0,0,0,0,0,0,0,8,0,0,0,0,1,0,0,ae60,0,0,0,0,24,
06002467,0,0,fffff9b9,1,0,3a,0,24c,68,0,0,0,0,0,0,0,0,0,8,0,0,0,0,1,0,0,aec0,0,0,0,0,24,
060d0d13,0,0,fffff9b9,1,0,3a,0,24c,68,0,0,0,0,0,0,0,0,0,8,0,0,0,0,1,0,0,aec0,0,0,0,0,24,
06002467,0,0,fffff9b9,1,0,3a,0,24c,68,0,0,0,0,0,0,0,0,0,8,0,0,0,0,1,0,0,af20,0,0,0,0,24,
060d0d13,0,0,fffff9b9,1,0,3a,0,24c,68,0,0,0,0,0,0,0,0,0,8,0,0,0,0,1,0,0,af20,0,0,0,0,24,
06002467,0,0,fffff9b9,1,0,3a,0,24c,68,0,0,0,0,0,0,0,0,0,8,0,0,0,0,1,0,0,af80,0,0,0,0,24,
060d0d13,0,0,fffff9b9,1,0,3a,0,24c,68,0,0,0,0,0,0,0,0,0,8,0,0,0,0,1,0,0,af80,0,0,0,0,24,
06002467,0,0,fffff9b9,1,0,3a,0,24c,68,0,0,0,0,0,0,0,0,0,8,0,0,0,0,1,0,0,afe0,0,0,0,0,24,
060d0d13,0,0,fffff9b9,1,0,3a,0,24c,68,0,0,0,0,0,0,0,0,0,8,0,0,0,0,1,0,0,afe0,0,0,0,0,24,
06002467,0,0,fffff9b9,1,0,3a,0,24c,68,0,0,0,0,0,0,0,0,0,8,0,0,0,0,1,0,0,b040,0,0,0,0,24,
060d0d13,0,0,fffff9b9,1,0,3a,0,24c,68,0,0,0,0,0,0,0,0,0,8,0,0,0,0,1,0,0,b040,0,0,0,0,24,
06002467,0,0,fffff9b9,1,0,3a,0,24c,68,0,0,0,0,0,0,0,0,0,8,0,0,0,0,1,0,0,b0a0,0,0,0,0,24,
060d0d13,0,0,fffff9b9,1,0,3a,0,24c,68,0,0,0,0,0,0,0,0,0,8,0,0,0,0,1,0,0,b0a0,0,0,0,0,24,
06002467,0,0,fffff9b9,1,0,3a,0,24c,68,0,0,0,0,0,0,0,0,0,8,0,0,0,0,1,0,0,b100,0,0,0,0,24,
060d0d13,0,0,fffff9b9,1,0,3a,0,24c,68,0,0,0,0,0,0,0,0,0,8,0,0,0,0,1,0,0,b100,0,0,0,0,24,
06002467,0,0,fffff9b9,1,0,3a,0,24c,68,0,0,0,0,0,0,0,0,0,8,0,0,0,0,1,0,0,b160,0,0,0,0,24,
060d0d13,0,0,fffff9b9,1,0,3a,0,24c,68,0,0,0,0,0,0,0,0,0,8,0,0,0,0,1,0,0,b160,0,0,0,0,24,
06002467,0,0,fffff9b9,1,0,3a,0,24c,68,0,0,0,0,0,0,0,0,0,8,0,0,0,0,1,0,0,b1c0,0,0,0,0,24,
060d0d13,0,0,fffff9b9,1,0,3a,0,24c,68,0,0,0,0,0,0,0,0,0,8,0,0,0,0,1,0,0,b1c0,0,0,0,0,24,
06002467,0,0,fffff9b9,1,0,3a,0,24c,68,0,0,0,0,0,0,0,0,0,8,0,0,0,0,1,0,0,b220,0,0,0,0,24,
060d0d13,0,0,fffff9b9,1,0,3a,0,24c,68,0,0,0,0,0,0,0,0,0,8,0,0,0,0,1,0,0,b220,0,0,0,0,24,
06002467,0,0,fffff9b9,1,0,3a,0,24c,68,0,0,0,0,0,0,0,0,0,8,0,0,0,0,1,0,0,b280,0,0,0,0,24,
060d0d13,0,0,fffff9b9,1,0,3a,0,24c,68,0,0,0,0,0,0,0,0,0,8,0,0,0,0,1,0,0,b280,0,0,0,0,24,
06002467,0,0,fffff9b9,1,0,3a,0,24c,68,0,0,0,0,0,0,0,0,0,8,0,0,0,0,1,0,0,b2e0,0,0,0,0,24,
060d0d13,0,0,fffff9b9,1,0,3a,0,24c,68,0,0,0,0,0,0,0,0,0,8,0,0,0,0,1,0,0,b2e0,0,0,0,0,24,
06002467,0,0,fffff9b9,1,0,3a,0,24c,68,0,0,0,0,0,0,0,0,0,8,0,0,0,0,1,0,0,b340,0,0,0,0,24,
060d0d13,0,0,fffff9b9,1,0,3a,0,24c,68,0,0,0,0,0,0,0,0,0,8,0,0,0,0,1,0,0,b340,0,0,0,0,24,
06002467,0,0,fffff9b9,1,0,3a,0,24c,68,0,0,0,0,0,0,0,0,0,8,0,0,0,0,1,0,0,b3a0,0,0,0,0,24,
060d0d13,0,0,fffff9b9,1,0,3a,0,24c,68,0,0,0,0,0,0,0,0,0,8,0,0,0,0,1,0,0,b3a0,0,0,0,0,24,
06002467,0,0,fffff9b9,1,0,3a,0,24c,68,0,0,0,0,0,0,0,0,0,8,0,0,0,0,1,0,0,b400,0,0,0,0,24,
060d0d13,0,0,fffff9b9,1,0,3a,0,24c,68,0,0,0,0,0,0,0,0,0,8,0,0,0,0,1,0,0,b400,0,0,0,0,24,
06002467,0,0,fffff9b9,1,0,3a,0,24c,68,0,0,0,0,0,0,0,0,0,8,0,0,0,0,1,0,0,b460,0,0,0,0,24,
060d0d13,0,0,fffff9b9,1,0,3a,0,24c,68,0,0,0,0,0,0,0,0,0,8,0,0,0,0,1,0,0,b460,0,0,0,0,24,
06002467,0,0,fffff9b9,1,0,3a,0,24c,68,0,0,0,0,0,0,0,0,0,8,0,0,0,0,1,0,0,b4c0,0,0,0,0,24,
060d0d13,0,0,fffff9b9,1,0,3a,0,24c,68,0,0,0,0,0,0,0,0,0,8,0,0,0,0,1,0,0,b4c0,0,0,0,0,24,
06002467,0,0,fffff9b9,1,0,3a,0,24c,68,0,0,0,0,0,0,0,0,0,8,0,0,0,0,1,0,0,b520,0,0,0,0,24,
060d0d13,0,0,fffff9b9,1,0,3a,0,24c,68,0,0,0,0,0,0,0,0,0,8,0,0,0,0,1,0,0,b520,0,0,0,0,24,
06002467,0,0,fffff9b9,1,0,3a,0,24c,68,0,0,0,0,0,0,0,0,0,8,0,0,0,0,1,0,0,b580,0,0,0,0,24,
060d0d13,0,0,fffff9b9,1,0,3a,0,24c,68,0,0,0,0,0,0,0,0,0,8,0,0,0,0,1,0,0,b580,0,0,0,0,24,
06002467,0,0,fffff9b9,1,0,3a,0,24c,68,0,0,0,0,0,0,0,0,0,8,0,0,0,0,1,0,0,b5e0,0,0,0,0,24,
060d0d13,0,0,fffff9b9,1,0,3a,0,24c,68,0,0,0,0,0,0,0,0,0,8,0,0,0,0,1,0,0,b5e0,0,0,0,0,24,
06002467,0,0,fffff9b9,1,0,3a,0,24c,68,0,0,0,0,0,0,0,0,0,8,0,0,0,0,1,0,0,b640,0,0,0,0,24,
060d0d13,0,0,fffff9b9,1,0,3a,0,24c,68,0,0,0,0,0,0,0,0,0,8,0,0,0,0,1,0,0,b640,0,0,0,0,24,
06002467,0,0,fffff9b9,1,0,3a,0,24c,68,0,0,0,0,0,0,0,0,0,8,0,0,0,0,1,0,0,b6a0,0,0,0,0,24,
060d0d13,0,0,fffff9b9,1,0,3a,0,24c,68,0,0,0,0,0,0,0,0,0,8,0,0,0,0,1,0,0,b6a0,0,0,0,0,24,
06002467,0,0,fffff9b9,1,0,3a,0,24c,68,0,0,0,0,0,0,0,0,0,8,0,0,0,0,1,0,0,b700,0,0,0,0,24,
060d0d13,0,0,fffff9b9,1,0,3a,0,24c,68,0,0,0,0,0,0,0,0,0,8,0,0,0,0,1,0,0,b700,0,0,0,0,24,
06002467,0,0,fffff9b9,1,0,3a,0,24c,68,0,0,0,0,0,0,0,0,0,8,0,0,0,0,1,0,0,b760,0,0,0,0,24,
060d0d13,0,0,fffff9b9,1,0,3a,0,24c,68,0,0,0,0,0,0,0,0,0,8,0,0,0,0,1,0,0,b760,0,0,0,0,24,
06002467,0,0,fffff9b9,1,0,3a,0,24c,68,0,0,0,0,0,0,0,0,0,8,0,0,0,0,1,0,0,b7c0,0,0,0,0,24,
060d0d13,0,0,fffff9b9,1,0,3a,0,24c,68,0,0,0,0,0,0,0,0,0,8,0,0,0,0,1,0,0,b7c0,0,0,0,0,24,
06002467,0,0,fffff9b9,1,0,3a,0,24c,68,0,0,0,0,0,0,0,0,0,8,0,0,0,0,1,0,0,b820,0,0,0,0,24,
060d0d13,0,0,fffff9b9,1,0,3a,0,24c,68,0,0,0,0,0,0,0,0,0,8,0,0,0,0,1,0,0,b820,0,0,0,0,24,
06002467,0,0,fffff9b9,1,0,3a,0,24c,68,0,0,0,0,0,0,0,0,0,8,0,0,0,0,1,0,0,b880,0,0,0,0,24,
